1	2	Odelle Arcase	8995612050	22 Debra Hill	1960-05-19	true
2	16	Ashli Marsh	4311401151	08501 Old Shore Road	1954-10-20	false
3	15	Jack Jakobssen	2151873218	9 Westport Avenue	1990-09-28	true
4	15	Cathlene Rickerby	5308332975	5 Schmedeman Circle	1967-07-27	false
5	7	Gray Burgne	3763555097	6375 Lindbergh Crossing	1983-11-10	true
6	3	Cammie Cordes	6104134621	7940 Dottie Junction	1965-04-02	false
7	8	Ellie Huddle	2615959507	24018 South Trail	1982-12-27	true
8	2	Fremont Braikenridge	9521979519	00 Fordem Hill	1991-10-07	true
9	2	Dominga Jalland	9402314401	69501 Loomis Alley	1979-06-23	true
10	6	Mandy Pfeffle	3991759311	3 Heffernan Drive	1971-02-18	false
11	9	Franchot Loughhead	7018395174	9 Weeping Birch Trail	1990-06-26	true
12	17	Dianne Kerman	9858433397	5906 Eagan Drive	1959-10-23	true
13	18	Adrienne Flippini	1191667357	08 Larry Parkway	1989-11-04	true
14	6	Kennedy Djokovic	6735464338	4578 Portage Drive	1983-08-09	false
15	12	Bruis Rouf	5979321278	895 Becker Avenue	1986-03-30	true
16	16	Irwinn Dilworth	3074155881	2 Express Trail	1964-05-29	true
17	9	Saxe Kenworthey	8586831917	06 Golden Leaf Plaza	1985-11-12	true
18	5	Hanny Spurdens	9019820783	1 Holy Cross Trail	1974-10-01	false
19	20	Kristel Meineken	7211326671	12975 Haas Street	1976-11-04	true
20	3	Gabriela Malyan	2221802782	9889 Annamark Crossing	1973-07-22	true
21	2	Paulie Allans	1232153930	28750 Riverside Place	1957-08-26	true
22	20	Sheeree Orrah	2222946513	26683 Westerfield Pass	1994-09-28	false
23	13	Karrie Sertin	8951896746	51 John Wall Hill	1957-01-12	false
24	10	Teodoro Staite	3771650890	18 Corben Junction	1996-05-24	true
25	8	Morna Gwalter	2158102497	970 Aberg Avenue	1962-11-21	false
26	3	Phip Gillet	5033824068	360 Reinke Road	1978-01-03	true
27	13	Jonas Studart	1364967111	651 Mccormick Terrace	1962-02-19	true
28	12	Ruthann Simionato	1214382839	35 Oriole Park	1972-08-14	false
29	14	Ev Fer	5902477828	6821 Hoard Pass	1962-10-16	true
30	19	Gerald Camacho	5074804086	0 Summer Ridge Avenue	1995-12-13	false
31	20	Annalee O'Garmen	7605579410	929 West Street	1962-03-06	true
32	19	Clemmy Arnall	8285201294	3481 Killdeer Trail	1977-02-11	false
33	1	Jane Blenkin	8768392282	3254 Jenifer Lane	1974-10-14	false
34	1	Cris Middell	9286965559	270 Spaight Trail	1962-01-08	true
35	10	Tessy Trusler	6871458373	5166 Express Drive	1988-07-17	false
36	6	Gill Idney	3489291295	34 Hovde Place	1972-09-07	false
37	18	Shel Bosworth	4531065448	34494 Thackeray Circle	1994-11-27	false
38	10	Guido Preshaw	3984296726	69524 Lunder Circle	1961-11-16	false
39	14	Rosanna Hallows	6139121187	56356 Basil Point	1998-12-22	true
40	4	Elbertine MacTeague	4902240914	3988 Quincy Place	1981-06-16	true
41	6	Twila Semmens	4302423243	19563 Heath Trail	1991-10-18	false
42	5	Helena Daltrey	2265180295	2774 Warrior Court	1993-02-02	true
43	14	Kelsey Klimsch	5282855234	19 Morrow Lane	1956-03-15	false
44	9	Codie Lawrey	7247248729	4 Dayton Lane	1952-07-28	false
45	13	Carleen Tranckle	7836875001	9 Esch Alley	1986-02-22	true
46	10	Merci Garrand	3984460967	8 Holmberg Plaza	1986-06-01	true
47	10	Aubry Sergeant	5293527438	57570 Clemons Park	1956-12-11	true
48	19	Bear Titmuss	4974456208	4 Shopko Circle	1959-08-04	true
49	1	Laurette Neat	3578048986	1 Pawling Lane	1965-01-28	false
50	7	Pat Dillingstone	9639689017	0 Independence Place	1963-08-26	true
51	20	Godfree Bacchus	5943449277	8493 Forest Drive	1972-06-18	true
52	5	Patrizio Larn	3564246038	31605 Granby Alley	1954-03-26	false
53	11	Juanita Moffatt	4344985304	2858 Anhalt Park	1993-09-27	false
54	6	Homere McNiven	2887996777	5149 Northland Lane	1975-05-12	true
55	18	Eloise Emmer	6138230107	389 Badeau Point	1995-07-22	true
56	4	Letty Yate	6793531676	95 Superior Alley	1951-09-01	false
57	10	Germain Ackred	9737866928	0164 Huxley Street	1987-08-22	false
58	16	Casey De Gogay	3404453584	4 Northfield Drive	1968-09-24	false
59	16	Berk Greenard	2152852501	02 Corry Trail	1950-10-31	false
60	10	Teresa Wisby	2765495099	0 Duke Lane	1973-12-21	false
61	16	Charmine Legier	1228862821	82 Maywood Center	1951-03-09	true
62	20	Sawyer MacCaig	2191582212	4532 Calypso Drive	1956-03-09	false
63	11	Valentine Tookill	2225803779	34 Summerview Crossing	1966-11-25	false
64	20	Sibylle Bram	2117313977	447 Commercial Center	1977-07-16	false
65	6	Page Enever	4216232859	2078 Pond Court	1955-03-18	false
66	13	Jan Cowland	6122702404	79 Prairie Rose Trail	1980-12-02	true
67	12	Timi Johnson	1563069602	084 Morningstar Drive	1959-09-14	false
68	10	Petronilla Ellington	8107289103	921 Shasta Road	1952-06-17	false
69	17	Gordie Baroch	7519960691	14 Tennyson Trail	1962-09-05	false
70	3	Martina Paladini	9606801321	976 Farmco Lane	1969-10-29	true
71	16	Rosamond Gilmore	6246213982	20 Del Mar Lane	1984-04-15	false
72	19	Jordana Bortoloni	4145117210	583 Dawn Circle	1968-01-20	true
73	7	Cassie O'Kynsillaghe	6464239271	68422 Coolidge Plaza	1992-01-18	false
74	8	Bendick Hew	8424267700	296 Tomscot Circle	2000-02-09	true
75	9	Ertha Marchiso	2915518922	306 Fulton Center	1966-01-15	true
76	6	Bobbe Pallent	8591283089	72 Bay Street	1980-07-23	true
77	20	Jonah Daynter	2787100627	8104 Blackbird Center	1963-01-07	false
78	15	Reg Chidwick	6844763669	4 Lake View Drive	2000-04-07	true
79	13	Quincey Couper	6268382323	4931 Clemons Hill	1988-02-18	false
80	18	Brod Dallosso	1125970660	60 Longview Point	1981-07-06	true
81	17	Mallissa Goodship	6083005201	0752 Dovetail Circle	1985-08-24	true
82	2	Ruprecht Gadesby	5079698908	1339 Dawn Junction	1966-11-25	true
83	18	Hildagard McCullouch	6225403960	22 Dawn Crossing	1960-11-27	true
84	13	Edouard Lillgard	8184866146	2691 Hanson Court	1960-09-20	true
85	14	Carilyn Blasius	9608563857	8762 Blue Bill Park Road	1964-06-18	true
86	16	Rutherford Nunan	1291618005	27709 Eagan Crossing	1976-11-03	true
87	10	Stephana Ragless	2285419349	2576 Colorado Pass	1972-06-25	false
88	7	Gilemette Wintle	2192036194	46746 7th Court	1998-01-03	false
89	8	Viole Cornwell	3064900300	11921 Rusk Alley	1994-07-14	true
90	8	Cthrine Didsbury	7491666325	082 Union Court	1999-03-14	false
91	4	Jobey Spivey	6058410245	8 Vahlen Court	1958-05-25	true
92	6	Whittaker Whaley	3438718969	7 Evergreen Circle	1993-09-24	false
93	8	Alfreda Crucitti	8701312747	71 Luster Way	1992-12-14	false
94	19	Margo Bradburn	1458347773	68119 Sutherland Place	1963-12-10	false
95	11	Teddi Savidge	7615458162	61554 Ramsey Place	1974-08-23	false
96	4	Maryjo Owttrim	8706393319	79 Karstens Circle	1986-06-27	true
97	12	Denyse Rallin	6934085052	600 American Ash Pass	1979-12-07	true
98	4	Domingo Nezey	8358475141	4 Southridge Place	1977-10-28	true
99	16	Meredith Davenall	5498642885	74 Graceland Place	1985-09-08	false
100	10	Mozelle O'Corrane	5583362946	74280 Morrow Circle	1992-02-13	true
101	18	Jeth Calafato	7233585291	40 Rusk Street	1986-05-10	true
102	3	Les Eidelman	6965891114	396 Cascade Point	1955-07-12	false
103	7	Daniella Breukelman	3876884356	59520 Clemons Crossing	1976-10-26	false
104	12	Wallace Redford	4818783434	856 Loftsgordon Avenue	1980-09-17	true
105	9	Jillayne Larrat	8291053427	25 Dryden Street	1979-03-03	true
106	5	Sharline Weightman	2456500977	8895 Southridge Road	1971-03-26	true
107	6	Nels Alvarez	4227116870	51 Fieldstone Park	1992-11-24	false
108	13	Kari Dyne	6688361713	4 Forest Dale Lane	1962-01-04	false
109	4	Aubrey Fetherby	9278315229	9 Nevada Road	1959-01-08	true
110	3	Donetta Layton	6455362712	35 Hudson Trail	1985-02-22	true
111	4	Sabra Birdwhistell	4587299497	62 Norway Maple Parkway	1984-02-15	true
112	20	Roderich Hilldrop	7495160649	82780 Clemons Pass	1963-03-30	true
113	15	Meryl Ovise	8064334896	524 6th Road	1997-11-14	true
114	19	Kerstin Grice	1967116352	877 Warner Road	1969-07-16	false
115	8	Adolphe Strudwick	5856774907	4151 Springs Junction	1970-04-13	true
116	11	Ingrim Cicullo	3341096688	24 Jackson Place	1998-10-31	true
117	6	Margery Benson	7824760711	7814 High Crossing Avenue	2000-03-04	true
118	20	Marje Straniero	8154177073	53430 Cottonwood Drive	1999-06-16	false
119	12	Aime Chazelle	6124807366	7658 Autumn Leaf Junction	1993-01-29	false
120	15	Wolfy Scapelhorn	8957302372	712 David Road	1971-07-15	false
121	11	Zonda Vaneschi	3795833373	6 Hallows Lane	1990-03-28	false
122	19	Paddy Mosedill	8247705353	443 Holy Cross Hill	1966-10-26	false
123	1	Abramo Aslam	1789137083	4 Doe Crossing Avenue	1951-06-01	true
124	20	Gris Brend	9145588727	76190 Lake View Parkway	1954-03-26	false
125	1	Legra Satcher	5263424265	81219 Gale Road	1968-02-09	true
126	15	Ines Killough	5667988708	6096 2nd Parkway	1983-10-04	false
127	11	Manon Hatchell	5078557270	452 Pine View Hill	1979-03-30	true
128	19	Ethan Friskey	9326595500	20 Claremont Park	1995-02-15	false
129	19	Moreen Simo	1464510660	3321 Haas Lane	1981-06-09	false
130	2	Shawna Gillanders	5623106756	88384 Eastlawn Drive	1986-04-11	false
131	3	Emmott Izzat	5039451921	9 Coolidge Hill	1983-09-03	false
132	3	Lefty Arundel	4658936502	19 Homewood Alley	1968-08-18	true
133	16	Mahmud Mingauld	3188704149	8 Bultman Plaza	1961-07-09	false
134	6	Abbey Bjerkan	6029022463	990 Mitchell Trail	1957-02-08	true
135	16	Maddie Sickert	7762107905	48 Karstens Place	1972-09-30	true
136	13	Arty Aish	8018923553	21525 Fallview Avenue	1991-10-23	false
137	6	Kasper Infantino	5286337070	842 Hanover Parkway	1968-11-01	true
138	8	Chrissie Hudson	5124461178	92 Northview Place	1998-06-28	false
139	10	Branden Curnokk	5012216120	67 American Ash Pass	1970-01-12	true
140	13	Staci Ivannikov	4064568448	71847 Canary Road	1984-01-09	false
141	8	Dredi Lackham	8639451103	9 Surrey Park	1963-11-18	false
142	7	Joscelin Million	1223889064	397 Hollow Ridge Street	1977-01-09	false
143	17	Kev Crocombe	7591653937	1405 Larry Place	1951-04-27	true
144	3	Dale Phillcox	7409180715	7 Loomis Street	1957-02-16	true
145	1	Adey Baumadier	6856495752	0 Delladonna Drive	1981-04-29	false
146	17	Cynde Longhurst	5062220578	001 Talmadge Street	1963-03-23	true
147	17	Bryna Tirone	9335769857	2 Goodland Hill	1962-07-19	false
148	8	Aurelea Jordi	9236919620	42245 Service Lane	1997-05-11	false
149	20	Robby Smallbone	9834502345	258 Farmco Street	1965-03-02	false
150	2	Tuesday Southcombe	7115066234	1 Veith Parkway	1999-07-14	false
151	14	Nefen Dabrowski	1994751394	870 David Circle	1953-09-01	false
152	20	Mayer Bethune	3692822639	93294 Saint Paul Trail	1961-02-15	false
153	17	Aile Insoll	6456352184	47007 Westridge Parkway	1966-09-05	true
154	1	Marietta Minchinden	5828641974	08 Londonderry Road	1981-10-16	true
155	9	Leslie Caldow	8974616495	47223 Anzinger Road	1996-08-13	false
156	3	Gabe Ollerearnshaw	5851254762	9448 Del Sol Trail	1979-01-04	true
157	8	Cassandre Tembridge	3239652312	35641 Arizona Alley	1966-04-06	true
158	3	Ailina MacKibbon	2755060769	7 Arrowood Circle	1955-05-02	true
159	11	Corilla Rainton	8806806585	842 Petterle Court	1955-09-14	false
160	2	Temple Clampin	6047741293	9331 Carey Crossing	1959-12-23	false
161	18	Elsinore Begent	4532076319	5564 Lotheville Drive	1978-01-23	false
162	12	Barthel Freathy	8228108229	624 Ridge Oak Court	1983-06-19	false
163	12	Marrilee Rosenblath	2028414111	780 Corscot Point	1972-07-23	false
164	4	Robert Brandel	8387467736	43823 Larry Parkway	1990-04-21	true
165	15	Thayne Conybear	2834810713	92612 Paget Court	1951-09-27	true
166	2	Ranique Goodboddy	2699424573	94 Hoard Avenue	1998-08-15	false
167	20	Cordie Sisey	5912831187	4 Mockingbird Point	1965-04-01	true
168	7	Sallie Kail	4793921535	2728 Veith Place	1995-08-10	false
169	12	Emmy Petley	4351354041	6497 Waubesa Road	1984-09-24	false
170	11	Gray Battill	9551569010	085 Mayfield Place	1952-10-28	true
171	16	Archibald Emeline	8428563251	07348 Westerfield Drive	1957-04-01	false
172	12	Yance Symonds	5394274679	6 Buena Vista Place	1968-09-06	false
173	10	Rickert Bednell	6499621398	41 Service Street	1977-03-10	false
174	7	Sidnee Rosterne	9836978700	08 Crest Line Parkway	1988-06-15	true
175	6	Delmer Gerger	7722559943	934 Loomis Circle	1994-08-09	true
176	14	Udale Goodison	4893551498	8 Forest Dale Crossing	1962-09-01	false
177	11	Margaretta Glenton	2916212445	8 Roth Parkway	1989-03-22	true
178	10	Niels Titterell	1196791372	6758 Nobel Avenue	1997-10-31	true
179	12	Florie Newlyn	2949701406	37197 Browning Park	1981-02-23	true
180	6	Louise Willans	6603504812	282 Sugar Way	1986-01-24	true
181	5	North Gray	5112745490	34455 Bartillon Hill	1982-10-29	true
182	19	Madelin Cloutt	7058892876	55250 Union Center	1996-11-23	true
183	2	Yul Spataro	8271817510	0874 Comanche Point	1976-12-15	false
184	7	Jeni Pingstone	8349942863	5 Crownhardt Court	1996-09-26	false
185	7	Carena Caffery	7341254702	97 Washington Alley	2000-01-03	true
186	16	Beverlie Lamyman	1072691328	1371 Hovde Parkway	1960-06-09	false
187	10	Cirstoforo Faye	7596255349	87 Spaight Pass	1983-02-11	true
188	15	Amalea Kynton	4326243013	05 Butternut Parkway	1995-02-20	false
189	18	Hailey Malan	2817466424	51 Johnson Plaza	1985-05-04	false
190	14	Marnia Gaish	4019827330	66 Buena Vista Place	1975-11-14	true
191	4	Viole Wolfendell	2838446287	41 Fairview Terrace	1992-05-04	false
192	19	Roma Tomaszewicz	3411025286	47 Bellgrove Crossing	1979-06-17	false
193	17	Royce Creavin	8661449394	146 Lukken Pass	1956-07-08	false
194	4	Chickie Savaage	7351431663	0 Monica Alley	1987-10-06	true
195	15	Page Tristram	1773358213	3 Morningstar Drive	1990-02-14	false
196	5	Jeno Gebbie	2373990558	392 Jay Circle	1952-02-28	true
197	17	Dana Lum	1134806916	450 Jenna Hill	1976-01-17	true
198	12	Rainer Andries	4297516206	3945 Grim Terrace	1973-02-27	false
199	4	Lita Insoll	1672106321	3089 Wayridge Way	1992-06-21	true
200	14	Ulises Brinklow	3756452683	31713 Lake View Plaza	1957-11-15	true
201	2	Gwenore Hazeldene	5612889865	36469 Express Park	1993-05-29	false
202	5	Moselle Dahlen	1119261163	2 Mayer Circle	1993-01-22	true
203	6	Sander Burr	1389842329	469 Eggendart Crossing	1976-01-12	true
204	11	Rhetta Behneke	3834214065	41 Summer Ridge Hill	1965-09-01	true
205	17	Mona Bremen	8994364249	2997 Hoepker Plaza	1956-04-18	false
206	3	Cymbre Guerriero	7872252907	4699 Reindahl Road	1952-11-26	true
207	12	Erroll Phette	8328557938	5 Manley Parkway	1992-03-17	true
208	10	Annette Sarchwell	8323639468	11 Kings Court	1995-03-13	false
209	4	Beau Chown	2676042120	42 Village Hill	1993-10-10	false
210	3	Ansel Babcock	4402055675	4039 Carpenter Pass	1953-09-27	true
211	18	Nate Rozier	5313905441	763 Onsgard Place	1993-12-13	true
212	3	Keene Hazeltine	3456047001	16856 Northland Junction	1988-04-25	true
213	4	Rex Reolfo	3988655831	90146 Waxwing Junction	1963-02-10	true
214	6	Sofia Tumulty	8146971091	79155 Nobel Avenue	1998-12-14	true
215	14	Hedwig Cumberlidge	5235409574	316 Sauthoff Place	1960-08-17	false
216	8	Bethena Pudden	4742722985	695 Bunting Point	1997-04-11	false
217	4	Vere Rackley	3625366156	6975 Green Crossing	1963-05-17	false
218	8	Trixie Tutchings	2718174799	8 Kensington Point	1995-06-26	false
219	1	Noemi Haddow	9464129403	9591 Clove Point	1974-09-29	true
220	16	Rici Fairchild	6103372629	642 Truax Pass	1952-12-10	true
221	7	Armand Yuryichev	5917251322	823 Derek Circle	1959-04-20	true
222	20	Nessy Yablsley	4786985114	44 Autumn Leaf Place	1963-08-12	false
223	11	Findlay Hayley	7359563198	23272 Del Mar Court	1972-09-27	false
224	14	Barri Bloore	1204485186	069 Pankratz Way	1963-10-17	true
225	11	Viole Litt	2449858878	102 Tony Crossing	1954-05-03	true
226	6	Natalie Jellett	1612721723	711 Kings Avenue	1996-06-19	false
227	4	Shandra Pichan	6644748875	37645 Del Sol Crossing	1952-11-15	true
228	9	Jordan Brakespear	3537874066	94063 Graceland Way	1953-01-09	false
229	17	Queenie Zwicker	4215749309	1297 Veith Avenue	1964-07-05	false
230	5	Ashil Colvin	7451884820	73342 Lerdahl Center	1962-06-29	false
231	17	Forster Leetham	2589929015	3 Hoepker Street	1998-08-18	true
232	12	Sanders Danzig	3484114912	22 David Alley	1957-02-17	false
233	5	Noland Vanetti	8598938504	79129 Arrowood Hill	1972-02-20	true
234	11	Jareb McPhaden	8329607306	20524 Blaine Road	1951-01-10	true
235	5	Loren Titcom	4442366957	647 Maple Wood Pass	1965-08-06	false
236	11	Andi Pikhno	8489084743	17901 Vidon Road	1955-02-04	false
237	3	Inna Niset	8065988838	8449 Kedzie Road	1954-08-21	true
238	4	Sherwynd Markey	1773318247	71 Pleasure Drive	1957-08-15	false
239	2	Alphonse Paramor	9832330476	0 Chive Drive	1990-07-27	false
240	20	Jennifer Arrigucci	3852539314	9124 Esker Junction	1969-08-30	true
241	1	Caralie Hurrion	9691806216	1 Esker Court	1967-11-05	false
242	12	Craggy Morrell	3419811258	564 Shopko Drive	1997-01-10	false
243	1	Francine Spenley	9574319242	1 Moose Junction	1965-10-27	false
244	14	Darcie Fri	2067634438	4 Commercial Road	1977-03-20	true
245	19	Othilia Fishbourne	7935202829	771 Roxbury Center	1997-01-29	false
246	1	Anne Gouny	3701666586	55768 Declaration Plaza	1952-03-02	false
247	10	Kane Kleinstub	5156595721	94 Clarendon Place	1993-09-14	true
248	5	Benedikta Elcock	3532923014	9620 Oxford Park	1986-02-14	true
249	12	Emory Hein	9486940708	33685 Farwell Plaza	1975-09-26	false
250	1	Perle Estabrook	3909072372	77 Bunker Hill Point	1975-11-17	true
251	5	Jorry Heintz	9301186619	92983 Lotheville Center	1989-01-07	false
252	5	Sheelah Dancy	1775184600	627 Talmadge Pass	1990-08-09	false
253	13	Petey Vegas	2951979655	17869 Brown Circle	1951-10-06	false
254	18	Shanie Froom	4891735923	63 Reinke Alley	1982-04-22	false
255	15	Justino Esparza	8207058298	5 1st Road	1981-01-31	true
256	19	Corie Denizet	1431794944	1 Pond Terrace	1986-09-11	false
257	18	Gabey Schaffel	4222179604	28289 Merchant Court	1952-09-09	false
258	19	Winnifred Pirozzi	5852367833	2 Harper Street	1977-10-26	false
259	20	Christie Junkison	6698997590	9271 Melby Crossing	1987-06-04	false
260	13	Virginia Edgworth	9544315304	7 Milwaukee Park	1984-10-25	false
261	4	Gabie Siddon	7079690431	03402 Kensington Court	1990-07-22	false
262	6	Yank Trorey	9372215287	90 Doe Crossing Lane	1973-12-26	false
263	6	Herminia Paulat	4507482936	03 Westport Road	1995-09-16	true
264	8	Arni Matyas	5557481924	7318 Clove Plaza	1957-05-16	false
265	14	Sherry Youson	8076838865	25 Kensington Circle	1968-09-10	true
266	16	Dame Stoak	3712277136	458 Sheridan Terrace	1971-07-13	false
267	10	Emlyn Foxen	9361783770	785 Thackeray Crossing	1955-09-27	true
268	20	Rori Frayn	4461177403	6 Derek Circle	1969-02-15	true
269	6	Nannie Roose	8091773897	9579 Evergreen Place	1986-03-23	false
270	19	Dedie Fireman	7136336229	9543 Vermont Court	1996-12-17	false
271	12	Flore Klemt	6152216705	7 Towne Road	1964-12-07	true
272	6	Gennifer Freezer	4469182771	34 Mallard Court	1957-08-12	true
273	9	Tracey Habbergham	3905021015	098 Straubel Avenue	1983-01-24	true
274	17	Kym Kach	3705668358	3 Farwell Center	1998-10-18	false
275	10	Merola Serginson	5498079811	7176 Golf Course Drive	1955-05-05	true
276	12	Nataline Songer	3358164377	615 Maryland Junction	1969-01-01	true
277	4	Frazier Lettington	4837108465	4 Ilene Plaza	1956-08-10	true
278	5	Guthrey Durnian	7154287238	9 Vahlen Trail	1959-12-11	false
279	12	Diego Dolton	3934309566	330 Green Ridge Place	1952-01-22	false
280	17	Ophelie Gallacher	7641557133	86 Upham Avenue	1965-10-30	false
281	12	Ernie Leaney	5094003684	12 Ridgeway Alley	1996-12-19	true
282	17	Joly Glandon	3353803769	04494 Swallow Avenue	1964-10-14	false
283	2	Delainey Comino	9902464574	49902 Banding Circle	1969-01-12	true
284	11	Eileen Stealy	1189638897	91258 Huxley Avenue	1994-05-01	true
285	8	Darya Ninnoli	1693198582	72 Barby Crossing	1992-11-02	false
286	12	Charo Mullin	5196171920	70506 Columbus Center	1971-12-17	true
287	7	Roberto Pouck	7652945998	349 Delladonna Avenue	1972-11-26	true
288	5	Theresa O'Carney	9836187515	9 Heath Street	1969-12-08	false
289	12	Alonzo Greathead	6299542525	38140 Clyde Gallagher Hill	1989-11-21	true
290	4	Minette Towriss	3953752678	33 Rockefeller Pass	1999-06-22	true
291	12	Prinz Prati	4432575906	47111 Packers Park	1959-11-20	true
292	5	Alistair Dicker	8035746297	88 Aberg Point	1961-08-10	true
293	2	Ninette Joisce	2547103148	8565 Grim Alley	1955-12-28	false
294	9	Traver Camerello	6831696605	4170 Graedel Center	1999-11-04	true
295	5	Silvie Deelay	9774873829	2 Shopko Parkway	1999-05-19	false
296	8	Werner Fryers	2992310903	38 Mendota Plaza	1986-02-08	true
297	8	Vergil Capstaff	9944022349	16 Hooker Park	1986-08-31	true
298	20	Ravi Methuen	2696644200	75654 Arizona Center	1984-12-19	false
299	4	Timmi Hischke	3667929649	14706 Ridgeway Drive	1973-08-20	false
300	4	Jemmy Kerwick	2688549599	6 Forest Dale Crossing	1986-12-14	true
301	7	Henrie Greenwood	4943762384	7 Northland Park	1985-11-30	false
302	10	Lockwood McCully	2918134287	43 Shopko Plaza	1988-07-17	false
303	1	Kalli Knight	8404001388	6 Lerdahl Parkway	1970-12-30	false
304	11	Kalindi Ogle	8423856705	83 Blaine Court	1958-04-25	false
305	17	Alfredo Caudelier	1335310915	114 Lukken Avenue	1960-05-26	false
306	16	Allie Epilet	4499838309	0190 Monument Junction	1973-07-21	true
307	16	Rosmunda Fronks	6972071874	28 Vernon Alley	1980-06-12	true
308	5	Tybie Brigginshaw	7581182419	328 Glacier Hill Drive	1980-03-21	false
309	19	Lemar Brister	9171317044	58972 Schlimgen Center	1958-07-19	true
310	7	Gayla Rumney	1853228461	849 Dixon Junction	1966-05-24	true
311	19	Averil Janes	6888628500	0328 Mallory Plaza	1976-08-02	false
312	10	Rani Axcell	6212050712	3396 Shasta Street	1952-10-23	false
313	15	Jefferey Thornbarrow	3721770331	063 Manitowish Way	1980-02-14	true
314	11	Cleve Nijssen	1239766120	4261 Hooker Park	1980-12-07	true
315	7	Laverne Tavernor	5953859588	6 Superior Road	1950-10-17	false
316	12	Patrizia Millsom	9958265264	6 Dennis Circle	1960-05-12	false
317	7	Alexi Hannant	9315715742	2612 Pleasure Court	1959-12-22	false
318	17	Lura Guyonneau	5612824749	88910 Dixon Court	1983-02-04	false
319	12	Osborn Olwen	5269718495	05 Golf View Lane	1992-06-18	false
320	15	Farr Wegener	6899174242	9 Laurel Road	1988-10-08	true
321	4	Thatch Bordone	6303900373	7 Myrtle Court	1955-03-12	true
322	9	Rad Abrahamsen	5266618212	895 Darwin Hill	1971-03-07	true
323	16	Sapphire Proctor	5413988341	99185 Eliot Center	1979-05-07	false
324	6	Sher Merchant	5429942045	6 Sage Crossing	1991-08-27	true
325	10	Valli Ramble	6341289127	2785 Hollow Ridge Drive	1959-12-01	false
326	9	Monroe Corzon	4555603948	494 Clarendon Court	1961-03-11	true
327	15	Allx MacAllister	9736752029	1 Monument Street	1967-10-19	false
328	12	Lauryn Given	9868116204	73358 Birchwood Place	1980-09-11	true
329	3	Eva Roberts	2933097872	5 Shelley Street	1998-07-03	false
330	5	Kristin Nerger	1274419139	473 Anthes Point	1979-03-06	true
331	6	Leonard Moughtin	9214822498	091 Macpherson Crossing	1981-09-20	false
332	6	Sheelagh Piccop	3403603729	4790 Trailsway Court	1969-11-15	false
333	15	Carolus Cicutto	4245965585	77720 Surrey Crossing	1972-01-05	true
334	8	Artemus Shirlaw	7456084936	3298 Trailsway Road	1979-04-20	true
335	5	Lauree McQuade	9755434133	36 Ryan Crossing	1973-12-20	false
336	11	Rollie O'Dreain	1233934397	3345 Londonderry Street	1952-03-12	false
337	3	Stillmann Prahm	5393036343	9 Fremont Circle	1972-03-11	true
338	3	Joshia Lillyman	1208553458	730 Elka Hill	1955-09-02	false
339	13	Gerhardt Syseland	2922350507	57 Judy Court	1961-02-13	true
340	14	Reinaldo Darben	9573052685	48 Elka Trail	1959-05-21	false
341	17	Becca Kaminski	5434125604	2 Cordelia Court	1965-04-07	true
342	14	Bliss Meany	5829422913	0 Bartillon Place	1990-12-20	false
343	16	Maxi Ashpital	8643164027	66437 Lotheville Pass	1959-07-24	true
344	20	Koressa Padillo	8707845239	073 Pierstorff Court	1990-07-25	false
345	3	Frederic Hubbocks	7077762552	1668 Dunning Center	1960-03-20	true
346	5	Dedra Chastand	5887617998	63741 Spaight Junction	1971-02-08	true
347	6	Darby Hounsom	8812839177	29989 Hermina Street	1984-04-02	true
348	9	Melania Hinckesman	3453522402	3 Lake View Parkway	1987-04-22	false
349	4	Bern Immer	1193578261	0823 Victoria Road	1997-11-21	true
350	12	Alejandro Stanney	6868937900	8517 Oakridge Drive	1994-08-17	true
351	14	Guthry Cahn	7294108336	205 Donald Parkway	1958-03-02	true
352	7	Adrea Birwhistle	3394432572	079 Forster Junction	1969-09-14	false
353	13	Evangelina Gallahar	1525693829	55 Bartillon Crossing	1970-07-31	false
354	8	Fletch Stoade	9051715971	239 East Pass	1996-03-17	false
355	20	Reynold Yuryshev	7457257224	2613 Melvin Point	1965-08-13	true
356	11	Laurene Kinnaird	2857815647	30 Browning Way	1976-11-01	true
357	17	Bobinette Wile	9538816397	88451 Schiller Court	1966-05-11	true
358	4	Chloette McLeary	2144728038	53085 David Way	1996-11-27	false
359	7	Josefa Dumbar	7391304847	91 Waxwing Point	1953-06-01	false
360	14	Igor Edmans	4192345965	79515 Barby Junction	1991-12-07	true
361	9	Caleb Ebdon	3409883531	3 Fisk Crossing	1950-11-17	true
362	2	Ilsa Ayars	3579696965	8880 American Ash Center	1951-06-30	true
363	20	Reggie Mazonowicz	6621686721	3926 Kings Trail	1993-06-10	false
364	3	Brett Jude	2783661924	62424 7th Way	1979-04-15	false
365	8	Kathleen Tilsley	6929232434	7383 Westport Center	1987-01-06	true
366	9	Deloris O'Shiel	2822293898	61 Pepper Wood Center	1990-07-26	false
367	17	Genovera Angear	1533149068	3946 Old Shore Parkway	1976-07-29	false
368	8	Ryon Simpkins	8924466958	08 Spaight Circle	1975-12-19	true
369	2	Shelbi Faudrie	3237695406	807 Goodland Junction	1962-06-25	false
370	5	Laetitia Giannasi	5395358092	8867 Porter Street	1971-10-17	true
371	3	Warren Rizzi	8287078242	2952 Morningstar Plaza	1969-07-09	true
372	20	Dusty Wickman	6459262423	03608 Portage Hill	1972-12-07	true
373	16	Selia Maghull	2154081225	71 High Crossing Pass	1959-08-24	true
374	18	Gianni Alton	6688435346	6 Northwestern Circle	1995-09-23	true
375	19	Orelle Charlo	3483362243	56 Anniversary Court	1998-10-04	true
376	10	Harris Ballinghall	5834916252	39 Meadow Vale Avenue	1982-08-16	true
377	12	Tully Margett	2632838827	4889 Northfield Avenue	1969-04-13	true
378	4	Tammie Sattin	3713032798	22167 Tennessee Place	1994-01-28	true
379	3	Gusti Blazejewski	2539021766	118 Fordem Plaza	1974-01-04	true
380	11	Lezley O'Nion	4056840758	76488 Dottie Lane	1994-09-17	false
381	5	Syman Choppin	1177011788	368 Ridge Oak Terrace	1967-04-24	true
382	8	Carlos Creffield	3861082649	7 Acker Point	1958-10-24	true
383	13	Forrest Sweet	8115626067	3085 Gulseth Alley	1961-02-02	false
384	11	Lily Milborn	7214365638	186 Waywood Alley	1955-05-15	true
385	14	Elwyn Cosgriff	2939105819	75 Merchant Plaza	1999-02-27	false
386	7	Gustave Crosscombe	5083331029	5 Esch Alley	1963-10-09	false
387	1	Seka Manjot	2084646502	4 West Parkway	1984-06-28	false
388	5	Myrta Hatje	2607293370	30711 Moose Street	1999-03-29	false
389	19	Caria Angier	4256454744	2757 Village Lane	1992-10-17	true
390	18	Lauritz Fernley	4234335071	46 Trailsway Plaza	1975-04-16	false
391	18	Lilli Kerin	9122837968	28291 7th Center	1979-09-22	true
392	4	Francine Garfitt	3889667359	5625 Pepper Wood Circle	1961-06-21	false
393	19	Benni Outhwaite	1429202807	83 Sunnyside Place	1972-01-30	false
394	9	Jaclyn Barbie	3469013660	975 Elgar Crossing	1972-02-17	false
395	15	Ludovika Frick	8332383169	53 Barby Junction	1988-10-24	false
396	14	Mabel Stuchberry	4678140220	353 Walton Circle	1960-11-07	true
397	1	Stanford Tainton	6067137679	81956 Lerdahl Center	1974-03-08	true
398	8	Abbey Gierck	5062826468	32 Shopko Road	1969-12-27	true
399	13	Alexina Youles	7392299936	84129 Scoville Road	1979-04-02	true
400	19	Tisha Braunston	1863756892	14 Northview Hill	1969-07-18	true
401	18	Donn Sheron	9784308283	06224 Welch Park	1976-01-11	true
402	13	Pandora Tottman	2015155582	28 Talmadge Place	1956-03-06	false
403	2	Donia Gyenes	2143413198	7511 Gulseth Parkway	1952-09-05	true
404	18	Grete Beeken	7272990953	39745 Carey Trail	1998-09-01	true
405	1	Estella Camillo	1072785234	69 Oriole Pass	1952-07-13	true
406	8	Jeanelle Sasser	3378932378	3 Forest Dale Circle	1987-02-17	false
407	14	Herman Hassin	8996992695	38800 Spaight Circle	1965-08-22	true
408	9	Archibaldo Houson	9903600749	42 Lawn Way	1967-08-31	false
409	16	Cristi Bemlott	6555977135	966 Continental Alley	1993-05-30	true
410	9	Terry Whyffen	8142420406	664 Eastlawn Drive	2000-03-22	false
411	9	Alicea Upston	4549421137	9554 Browning Junction	1960-10-16	true
412	7	Guthry Baxstare	2586299328	1203 Raven Street	1986-11-24	false
413	20	Kiele Nyssens	9071701281	94 Daystar Trail	1990-01-19	true
414	19	Sammy Ruddin	7337769603	8373 Macpherson Lane	1960-01-26	true
415	10	Devina Lamont	7554880219	920 Nelson Road	1974-07-09	false
416	10	Cristian Baldocci	8427722697	33607 Stang Parkway	1996-03-14	false
417	9	Agna Treble	3026425367	9 Shasta Circle	1993-06-01	false
418	1	Maud Warburton	2975509383	8 Fuller Lane	1975-02-10	true
419	8	Cozmo Munkley	3497603381	552 Farragut Plaza	1960-02-27	true
420	7	Frederique Micah	4285655730	774 Graceland Hill	1968-09-30	true
421	10	Charissa Joontjes	3516790801	4318 Toban Parkway	1993-02-26	true
422	19	Harrietta Quinell	7909183873	348 Kropf Pass	1979-10-12	true
423	3	Dorelia Emilien	4454557187	18948 Mayer Parkway	1983-07-24	false
424	4	Marty Janjic	7994122153	6925 Acker Point	1978-01-06	true
425	15	Mora Suthren	8405677093	414 Farwell Point	1978-02-15	false
426	5	Dukie Letchford	1005156700	79 Chinook Court	1961-07-03	false
427	6	Ginevra Dyte	7565230512	228 Northview Plaza	1991-09-20	true
428	8	Napoleon Mirrlees	3939881458	2579 Nelson Place	1978-03-08	true
429	14	Jessey Hillhouse	8318556523	059 Hazelcrest Court	1998-06-02	true
430	7	Boote Hartin	4171320917	69956 Namekagon Court	1965-02-18	true
431	12	Stavro Bloore	2473841843	1646 North Park	1959-01-14	false
432	10	Aldrich Attridge	8746239168	53196 Elgar Pass	1952-05-31	true
433	3	Moe Nixon	4073966546	03 Miller Hill	1964-07-04	true
434	20	Ambur Bradbury	3218541405	38 Northridge Pass	1969-07-29	true
435	13	Ruben Northley	5279256647	13036 Carberry Trail	1953-06-10	false
436	13	Idette Dulling	8586056130	97 Mesta Drive	1951-10-20	true
437	4	Ray Harcourt	4434526677	7 Stoughton Hill	1975-05-13	false
438	1	Herman De Pietri	7746624994	030 Namekagon Parkway	1969-06-08	false
439	10	Selma Harvard	4839837176	455 5th Trail	1956-06-25	false
440	18	Kermy Stourton	7254301686	41911 Karstens Circle	1971-03-17	false
441	13	Baxy Diano	9502132762	940 Atwood Alley	1993-12-07	false
442	19	Patton Jizhaki	7459093566	9461 Debs Plaza	1992-04-16	true
443	1	Cosimo Claringbold	7483933014	9 Debra Place	1984-08-01	false
444	2	Edee Reedie	3579197413	2 Mcguire Circle	1977-10-13	false
445	11	Gerianne Cullingworth	7953132957	697 Kropf Plaza	1999-04-28	false
446	20	Donovan Crease	4538889081	330 Shopko Road	1982-10-27	false
447	17	Caritta Sapseed	4201466183	5 Delaware Alley	1960-02-16	false
448	17	Coop Schubert	1069515772	1 Little Fleur Street	1961-04-24	false
449	8	Zorana Barenski	5293719936	61121 Hoard Avenue	1996-12-27	true
450	8	Robert Scedall	3277314949	09 Kensington Hill	1952-02-12	true
451	5	Laverne Massei	3637876080	220 Annamark Plaza	1987-05-02	false
452	4	Elihu Dennidge	4938083472	415 Jay Park	1968-02-24	false
453	11	Rowena Speachley	4668680753	718 Kinsman Place	1988-02-07	true
454	6	Francesco Speake	5199526095	378 Jenifer Circle	1964-02-25	false
455	13	Jaquenetta Olander	8527965420	12886 Mccormick Hill	1987-09-25	false
456	18	Mycah Kincade	8106110805	70846 Sage Place	1966-11-30	false
457	16	Brett Ricciardelli	5715247659	7 Mifflin Plaza	1967-01-25	true
458	15	Frazier Cauthra	1892042099	24319 Anhalt Trail	1994-06-15	true
459	8	Gretchen Fells	2707635664	99 Oxford Circle	1977-09-23	false
460	1	Renie Toten	2099745918	9 Carberry Alley	1974-08-21	true
461	15	Anatole Peche	3688388434	09 Crescent Oaks Circle	1970-04-17	true
462	2	Fleming Heinritz	9333151400	88302 Mayer Street	1959-04-12	false
463	9	Falito Covet	8564644314	3 Burning Wood Alley	1955-08-30	false
464	10	Andromache McInnerny	9839933476	17 Carpenter Terrace	1966-08-28	false
465	13	Sigfrid Shrive	6275439210	1 Butternut Pass	1995-07-10	true
466	17	Edgardo Tabram	6693596866	37 Gerald Plaza	1967-08-02	false
467	2	Rabi Retchless	6239940622	1 Di Loreto Park	1977-10-29	true
468	16	Brinn Bicker	6756239145	8 Armistice Trail	1993-05-21	false
469	1	Tildie Kaysor	3063518710	4 Buhler Trail	1989-12-30	true
470	14	Cordelia McGeever	3462087707	3 Elmside Hill	1988-02-21	false
471	5	Audra Bartoszek	3984011060	03965 Shopko Crossing	1988-02-14	false
472	9	Reginauld Dales	5647716474	50 Gerald Trail	1984-10-02	true
473	15	Cathie Starcks	3141076014	3183 Stone Corner Park	1986-06-28	false
474	2	Bartholomeus Sheircliffe	9885319976	821 Fremont Junction	1989-07-09	true
475	3	Nada Roke	4058591307	1 Kedzie Plaza	1982-07-14	true
476	17	Adrian Do	6612735946	93005 Declaration Street	1970-01-02	false
477	9	Bidget Dicky	6516198117	72 Fisk Circle	1972-04-10	false
478	10	Banky Meagher	6754385403	2 Norway Maple Junction	1985-07-20	false
479	6	Gerick Keyworth	4088360043	424 Prairieview Parkway	1957-07-22	true
480	4	Rolando Saladine	2646905946	752 Oak Valley Center	1955-03-06	true
481	9	Drud Giovannelli	2836688301	40 Sycamore Road	1970-12-14	true
482	4	Octavius Rand	6412957113	0 Spohn Road	1952-03-09	true
483	2	Honey Regardsoe	9433300430	122 Bowman Junction	1968-11-21	true
484	5	Chrotoem Mattioni	3963646579	30 Blackbird Court	1978-07-28	false
485	19	Effie Buer	2663336437	2 Reinke Trail	1963-05-07	false
486	4	Gardner Bambury	6859900949	29351 Anniversary Parkway	1998-02-05	true
487	6	Colby Manolov	7829919578	339 Caliangt Plaza	1957-08-25	true
488	18	Georgianne Costin	2348444181	02433 Village Terrace	1988-09-07	false
489	18	Bamby Hatliff	7439763779	61 Eagan Crossing	1957-10-01	false
490	7	Gibbie Rickis	5965718332	59 Sachtjen Crossing	1986-08-02	false
491	8	Chase Reason	1206850198	1 Hintze Trail	1958-10-22	false
492	15	Conway Elderkin	6547459232	2 Golf View Avenue	1968-08-13	true
493	9	Marco Cookley	2354520963	7 Sommers Court	1979-02-10	false
494	2	Zara Gue	9484636427	2593 Northland Way	1993-03-02	true
495	5	Kenneth Desantis	4354736069	7 Lillian Park	1986-01-13	false
496	18	Pauly Goff	8887529197	702 Banding Trail	1957-07-05	true
497	8	Winnah Hallward	9397430153	70151 Ridge Oak Street	1987-04-01	false
498	9	Karry Snoding	7331365179	348 Petterle Street	1979-01-23	false
499	6	Brion Broose	5539625936	34077 Ridgeway Way	1961-08-10	false
500	15	Lilian Semorad	1481028770	388 Melrose Plaza	1952-02-19	true
501	20	Frederigo Benian	7597492347	30 South Drive	1972-09-27	true
502	10	Dorian Stanbro	2397024150	2 Graedel Road	1996-02-15	false
503	8	Shaine Abell	1925012173	5922 Mesta Terrace	1952-06-11	true
504	11	Dirk Papworth	5955340016	12037 Glendale Trail	1959-04-26	false
505	8	Hillel Issakov	4863717046	485 Dwight Way	1973-08-08	true
506	19	Jermaine Dewhirst	9521930110	47002 Sunnyside Place	1965-05-13	false
507	11	Bogey Hinkes	6766060365	678 Annamark Circle	1994-03-12	false
508	4	Pammi Kelinge	3393769498	8 Prairie Rose Crossing	1975-08-03	true
509	1	Mab Marchenko	6235169658	36 Michigan Hill	1978-07-12	false
510	10	Laurella Monday	5163202916	4716 Toban Point	1954-09-06	true
511	20	Benji Clineck	5786308588	26 Drewry Park	1968-09-01	false
512	8	Miquela De Castri	1835581512	3932 Gina Crossing	1993-06-03	false
513	20	Roseline Philipeaux	2168499284	429 Crest Line Avenue	1991-10-26	true
514	5	Regan Alster	8035990938	2500 La Follette Circle	1993-07-12	true
515	11	Mallissa Letchmore	4322524020	699 Bultman Parkway	1966-12-21	true
516	10	Damara Tollow	8769140610	590 Loomis Trail	1961-11-08	false
517	16	Ysabel Seaward	9445110575	11 Stephen Avenue	1980-08-18	false
518	15	Devi Surgener	3478997212	2839 Algoma Terrace	1971-04-24	false
519	15	Dulciana Dallender	1946003122	57 Petterle Circle	1968-02-01	false
520	4	Sabina Betke	4075689517	902 Moulton Road	1988-11-06	true
521	18	Duky Gambles	9881465767	7224 Schurz Lane	1989-02-26	true
522	16	Melessa Rubica	7915075379	8007 Cambridge Drive	1973-12-02	true
523	6	Larry Brandes	1651310506	68 Ronald Regan Circle	1981-02-23	false
524	10	Dolli Hubbard	6793212554	42979 Evergreen Alley	1978-03-27	false
525	3	Ibrahim Hardwidge	1787278248	9 Straubel Parkway	1967-01-31	false
526	10	Darcee Zambon	4379121461	50365 Bellgrove Junction	1991-09-22	true
527	10	Jesse Solman	6743267785	54992 Straubel Road	1952-06-17	false
528	7	Lyndsie Metschke	5824882019	7544 Oxford Point	1977-10-07	false
529	11	Ferdy Wymer	1113343554	65 Rowland Avenue	1989-04-19	true
530	16	Nellie Deaton	5773880088	1 Troy Drive	1993-10-15	true
531	9	Bernadene Thelwll	2824848407	5075 Melrose Court	1956-11-23	false
532	20	Roland Wimbush	7554140046	6870 Novick Hill	1968-03-21	false
533	5	Alice Mucklestone	3192368797	37 Elka Crossing	1964-05-28	false
534	16	Winthrop Yoxall	5099444251	56 Hayes Point	1998-09-15	false
535	16	Padget Plant	6855914218	1 Florence Point	1961-10-31	true
536	12	Donielle Bignell	5737915097	31952 Rockefeller Drive	1997-09-27	false
537	15	Gisella Boulger	6317312607	884 Knutson Court	1988-04-24	false
538	4	Giusto Lathleiff	7656950753	2660 Trailsway Center	1967-06-13	true
539	5	Gregorio Nobriga	7709028204	54183 Farragut Court	1950-06-05	true
540	1	Mara Dauncey	9222025791	605 Bultman Junction	1997-10-23	false
541	1	Petra Gasker	1406013196	3 Morning Center	1989-05-12	true
542	10	Vaclav Circuitt	7548397335	5 Bonner Place	1984-03-14	false
543	3	Ashlie Cicci	8604066955	670 Atwood Drive	1998-05-08	false
544	3	Leisha Rubinfajn	7621023786	863 Melby Place	1984-08-30	true
545	11	Radcliffe Harrinson	9203520053	9 Gulseth Alley	1999-03-15	false
546	11	Mylo Morican	8962948838	7688 Surrey Circle	1962-11-20	false
547	2	Levi Leate	8602976569	1156 Buhler Pass	1980-03-03	false
548	9	Tybalt Loos	2267417643	1 Drewry Road	1986-07-30	true
549	7	Beatriz Paulsson	4057655049	720 Stang Plaza	1978-11-17	true
550	2	Hedwig Wastell	1289002603	96028 Independence Terrace	1953-12-05	true
551	19	Logan Kibbel	8636386652	6 Wayridge Drive	1962-09-10	false
552	5	Karee Capelle	7983203446	26884 Namekagon Street	1956-06-11	true
553	9	Sterne Wedon	4281827358	1 Bartillon Center	1958-03-29	true
554	10	Hayley Shackle	4227753552	04912 Mendota Place	1973-06-18	false
555	15	Somerset Woodberry	5111793038	5 Superior Road	1964-03-19	true
556	4	Nonah Knightsbridge	5692168837	1905 Dovetail Point	1983-06-18	false
557	1	Zsa zsa Rockwell	6284858565	4 Dryden Place	1971-12-19	true
558	9	Kasper Pankettman	8225899660	501 Corscot Road	1991-02-10	true
559	4	Cozmo Densie	3693089257	942 Kipling Trail	1980-11-19	true
560	16	Anny Brushfield	8326237127	26 Ryan Park	1985-08-05	false
561	3	Rodrique Gemson	4532029929	06359 Carey Lane	1950-07-31	false
562	18	Clerkclaude Mollatt	7929346294	5 Shelley Lane	1995-10-19	false
563	7	Adele Betke	9765495696	0 Spohn Hill	1966-12-13	true
564	5	Bryon Lacrouts	1512613243	3318 Manufacturers Point	1989-05-31	true
565	15	Lurette Gong	9835723477	54 Sullivan Park	1998-07-05	false
566	3	Roze Tompkins	8239143163	88137 Pankratz Park	1968-03-09	false
567	9	Godiva Karpe	2523882946	3930 Eagle Crest Center	1969-03-08	false
568	4	Valentijn Scates	1258936924	61368 Melody Hill	1957-10-21	false
569	3	Chance Jakubovics	7898791021	8990 Lindbergh Plaza	1985-07-17	false
570	20	Vaughn Hornig	9208852587	8034 Brown Plaza	1972-07-12	true
571	14	Abbot Flanagan	6417753414	0 Sloan Road	1958-06-15	true
572	19	Hurlee Duffill	1845511857	68535 Fremont Terrace	1988-03-17	false
573	8	Barnie Huxster	5268816507	14 Kings Way	1980-07-29	false
574	17	Ana Deeman	4795580395	523 Anzinger Hill	1986-08-26	true
575	4	Glenna Chisman	3747743605	4 Becker Plaza	1970-07-27	false
576	18	Barbaraanne Drysdale	1046992794	2369 Heath Way	1989-06-29	false
577	14	Melinda Walsh	6187821145	36639 Colorado Plaza	1980-09-05	false
578	19	Jackie Cattle	3903665844	6949 Russell Trail	1970-01-29	false
579	2	Korella Paolino	6424796480	90 Butterfield Court	1950-06-30	true
580	4	Chrisy Pirri	5379540778	76030 Sullivan Crossing	1950-11-19	false
581	17	Robina MacMoyer	6305277453	077 Fulton Center	1957-11-10	false
582	6	Lotta Pobjoy	6469762491	13986 Banding Crossing	1973-08-02	false
583	12	Kaitlynn Farland	6524541125	72062 Sommers Trail	1976-09-16	true
584	4	Maggi Suter	9643845086	1 Coleman Park	1970-09-18	true
585	11	Guinna Padson	1098029354	8026 Gale Court	1972-06-06	true
586	16	Helenka Verduin	4041283842	4176 Arrowood Parkway	1986-12-20	true
587	4	Mechelle Jodlkowski	1291217200	81464 Loomis Trail	1960-11-17	true
588	9	Batholomew Hammerich	4204587446	93302 Weeping Birch Point	1975-11-05	true
589	16	Daisey Comins	6888180252	001 Parkside Plaza	1952-01-06	true
590	10	Dorian Dullingham	4418872369	33 Knutson Way	1958-07-14	false
591	14	Bess Wrate	1647247345	28423 Hollow Ridge Junction	1981-06-12	true
592	14	Bette Ateridge	2981036072	1120 Maywood Center	1993-11-04	true
593	12	Northrop Pentin	4321889352	544 Oxford Pass	1963-08-02	false
594	18	Frayda Custy	5551214416	40573 Cherokee Road	1993-08-07	false
595	1	Page Fogt	8686426403	837 1st Trail	1956-03-12	true
596	16	Addy Vigne	3063043726	20 Dwight Lane	1953-10-14	false
597	12	Marris Willmott	8701761796	48478 Kinsman Court	1957-03-22	false
598	10	Davie McKirdy	3181696029	72 Anzinger Crossing	1987-12-27	false
599	3	Dacey Mulhall	9779802062	66 Eagan Pass	1995-01-13	false
600	12	Cory Medforth	5303367886	765 Mcguire Hill	1983-01-06	true
601	8	Tailor Adam	1395126142	416 Pankratz Point	1971-08-15	true
602	2	Cornie Ellington	1027566682	35 Vermont Avenue	1989-01-10	false
603	7	Arleyne McGaugie	9143563415	7102 Ridge Oak Place	1994-04-21	true
604	5	Darcee De Bernardi	9119528740	5159 Lerdahl Drive	1978-05-09	true
605	15	Arlee Dymick	5912499129	07 Toban Pass	1963-01-14	false
606	12	Tobe Marcinkowski	9325481398	2 Farmco Terrace	1973-06-16	true
607	17	Ange Hush	7224612938	59321 Washington Place	1997-10-02	false
608	5	Welsh Dachey	9978233694	557 Lillian Hill	1963-12-07	false
609	16	Jessey Seleway	2299780079	566 Pine View Court	1996-12-21	true
610	4	Becky Darycott	1192080886	35 Crownhardt Way	1976-05-08	true
611	7	Giacopo Cuseick	7632469586	197 Lukken Pass	1952-12-23	true
612	10	Rudiger Downes	3509883221	965 Spaight Parkway	1993-10-28	false
613	20	Godfrey Colombier	2901169847	09 Thompson Lane	1970-08-09	false
614	17	Carita Shaudfurth	3059300770	5 Merchant Junction	1986-03-08	true
615	6	Pavlov Fortoun	1184205962	90011 Melvin Center	1980-03-02	false
616	20	Marji Tembridge	1617865243	619 Rutledge Terrace	1956-09-27	true
617	9	Marty Clubley	6509427876	9 Washington Court	1977-11-06	true
618	14	Werner Brandle	6291464745	76864 Fulton Way	1989-06-01	true
619	7	Elbertine Nannetti	5441929381	9 Duke Place	1960-03-30	false
620	4	Trueman Di Antonio	9138835681	20959 East Park	1963-08-11	false
621	2	Goddart Coch	8722495855	20 Boyd Terrace	1991-09-07	true
622	11	Adelind Dunlop	1731894454	46 Hallows Court	1993-09-06	false
623	2	Batholomew Bickerstaffe	3767012346	13 Bartillon Park	1984-09-23	true
624	14	Arthur Swayland	9191570849	9689 Kenwood Lane	1980-12-23	false
625	4	Northrop Addeycott	4027803315	07 Sage Trail	1980-06-11	true
626	1	Faythe Blampied	5556298387	1304 Anthes Hill	1990-12-31	false
627	16	Tabbitha Zotto	8987449815	158 Daystar Alley	1963-12-06	false
628	3	Gerhard Ritmeyer	8503948944	0097 Duke Circle	1985-06-10	false
629	13	Randy Keppel	2882976671	6 Elmside Crossing	1963-10-09	true
630	4	Arron Stelljes	1983090958	02838 Swallow Trail	1998-10-02	false
631	7	Anni Domenico	3129911170	3795 Oxford Alley	1990-06-11	true
632	16	Latashia Rutherforth	8218251880	99290 Bayside Terrace	1998-02-12	true
633	13	Dante Bilham	9926842125	7 Fulton Alley	1993-09-05	true
634	17	Cash Freschi	2066381292	419 Northview Center	1958-04-30	true
635	19	Marjory Schimke	6235805201	71406 Old Shore Lane	1976-05-21	false
636	8	Tabbie Crosfeld	6658293834	4291 Truax Parkway	1993-01-16	false
637	10	Goober Sandels	4018850066	3 Mcguire Drive	1960-10-27	false
638	7	Sharyl Muckle	5881719532	86199 Michigan Place	1985-01-23	false
639	1	Julietta Tschirschky	5732953533	47 Autumn Leaf Terrace	1963-04-20	false
640	8	Rubi Raith	9599760532	19 Schlimgen Crossing	1960-09-02	true
641	19	Mabel Myrtle	4366458334	59364 Cody Center	1971-03-23	false
642	12	Erasmus Scutchin	6011390812	7 Lakewood Court	1970-12-13	true
643	1	Renard Philippeaux	6467417698	308 Anderson Drive	1976-09-28	true
644	7	Alice Houston	7651326698	49 Bay Street	1993-11-13	true
645	14	Simone Hazart	4053076311	4 Bobwhite Hill	1961-12-15	false
646	18	Natty Ohlsen	3871416127	9 Truax Way	1987-01-26	false
647	11	Hana Pendell	9079334760	7877 Hagan Street	1986-07-22	false
648	14	Fidole Barker	9496273205	73 Park Meadow Road	1954-09-05	false
649	10	Odella Sykes	4663443538	8 Linden Trail	1981-08-08	false
650	1	Kym De Nisco	6093687304	802 Mayer Hill	1986-07-12	true
651	10	Malinda Duker	2061809886	19801 Southridge Terrace	1976-08-24	true
652	11	Bay Tremblot	3447896895	56839 Manitowish Trail	1962-06-08	true
653	12	Korry Tregidgo	5407634190	594 Pearson Point	1967-06-08	false
654	16	Rosabelle Kinny	2029025029	3 Hanover Road	1967-08-04	true
655	18	Giraud Wragge	3545595002	6 Hayes Lane	1968-08-20	true
656	12	Oralla Waszczykowski	3683557047	369 Elgar Point	1953-12-05	false
657	9	Jolynn Wadley	5414356197	851 Donald Park	1960-04-21	false
658	12	Allison Stocken	5471618701	48 Mendota Park	1983-06-01	true
659	8	Klarika Elliston	6907978953	97 Dapin Point	1984-08-05	true
660	16	Drugi Bortolazzi	8174805441	63864 Lakewood Gardens Hill	1970-07-07	true
661	8	Allyn Jahnig	1759855843	23691 Blaine Way	1970-03-28	false
662	3	Alasdair Raeside	2315721059	15 Daystar Street	1991-08-27	true
663	11	Agnese Bakhrushin	4202836086	57863 Sachs Center	1988-09-04	false
664	18	Alicea Ilymanov	1877564465	0 8th Parkway	1989-07-05	false
665	10	Floria Inett	9188383759	09782 Thompson Center	1989-10-09	false
666	18	Alleen Palluschek	2995705621	63169 Bowman Court	1995-08-05	false
667	1	Madge Snowball	8815456318	3660 Ruskin Lane	1950-05-19	false
668	6	Bessy Eve	4797079302	024 Hoard Center	1994-07-29	false
669	9	Marylinda Harman	2028287956	4661 Lawn Hill	1980-08-24	true
670	14	Kimberlyn Cayton	2768852232	031 East Circle	1975-09-26	false
671	1	Gerianna Shadrack	8078027274	6389 Pawling Crossing	1964-04-04	false
672	20	Simonne Cutting	8046483720	923 Barnett Point	1984-10-19	true
673	4	Cal Everal	1641156070	59 Waxwing Pass	1980-11-14	true
674	14	Jemie Heathcoat	4147170388	09919 Atwood Avenue	1995-03-03	false
675	20	Ellwood Ackenson	8476478992	75 Scott Place	1981-08-08	false
676	13	Jacqui McGawn	9491829221	55273 Clemons Center	1999-06-22	false
677	4	Talyah Galletly	3142484691	368 Corry Trail	1990-06-16	true
678	8	Reinaldo Drever	6497003636	65048 Gina Alley	1990-04-08	true
679	13	Royall Varker	9812821178	24548 Mcbride Crossing	1998-07-18	false
680	10	Maximo Caulton	7545349813	31 7th Trail	1963-07-03	true
681	6	Gretal Verduin	2288864347	84774 Texas Lane	1983-08-24	false
682	17	Marlon Lownes	4512493140	0 Melody Drive	1991-01-25	true
683	20	Olwen Krystek	6315251279	729 Manley Park	1976-10-20	true
684	9	Ced Brislen	6597662438	752 Clyde Gallagher Way	1982-04-29	true
685	16	Deane Robus	7997738777	238 Donald Parkway	1987-07-26	false
686	4	Rosalyn Manvelle	3777606361	50774 Basil Avenue	1984-02-12	true
687	8	Pippy Pycock	7436719767	53 Porter Trail	1954-10-15	true
688	12	Callean Morad	1617812565	3 Sachtjen Way	1970-10-06	true
689	12	Reg Benediktovich	1881462250	99 John Wall Road	1990-08-30	false
690	1	Trisha Shropsheir	1595624734	81 Artisan Road	1968-03-28	true
691	3	Irina Klesse	8023242847	69 Del Sol Crossing	1988-08-28	true
692	4	Evin Latan	8167185889	865 Stang Trail	1973-05-01	true
693	2	Merrilee Probbing	6718084777	60 Waywood Road	1956-10-22	true
694	18	Brnaba Bunch	5105446131	51979 Karstens Park	1997-05-10	true
695	10	Suzann Duprey	8533221353	060 Ridge Oak Center	1991-06-02	false
696	18	Berenice Crab	6539019525	271 Monument Plaza	1997-04-06	true
697	20	Casi Hunt	3738999500	3510 Hoard Center	1954-10-02	false
698	9	Stewart Thames	9474103123	40 Sundown Road	1960-10-05	false
699	6	Morganica Kirckman	6714952819	301 Golf Trail	1987-05-09	true
700	16	Niles Bedminster	9437926618	339 Judy Pass	1965-12-02	false
701	9	Anitra Garbutt	8127455720	888 Main Road	1965-08-19	true
702	19	Rowe Rumbelow	7343492232	6079 Thompson Place	1977-02-19	false
703	13	Genna Youhill	7967192208	9 Acker Trail	1966-03-11	true
704	14	Vittoria Elies	5096643025	7 Fieldstone Hill	1984-07-24	false
705	4	Brice McConnel	8223817938	483 Nobel Plaza	1979-11-19	true
706	13	Philbert Soigne	1844276541	31 Utah Circle	1970-09-08	false
707	11	Lazar Blazic	1044259710	4 Elmside Place	1957-04-07	true
708	1	Adele D'Aubney	4944648017	2 Graedel Point	1973-11-08	true
709	5	Nixie Ricker	9652346476	0642 Barby Plaza	1997-03-10	false
710	2	Scarlet Hapke	7068810588	547 Spenser Lane	1986-03-24	false
711	4	Elfie Cecere	9183112276	43426 Acker Pass	1990-05-09	true
712	5	Fay Woolfenden	7835422141	2544 Buena Vista Avenue	1973-04-29	false
713	11	Nikolos Franses	5543411706	59 Hudson Place	1957-04-23	true
714	19	Ira Liverseege	6874605301	93 Clemons Avenue	1954-10-18	true
715	7	Algernon Mantle	6844399964	85 Kim Court	1962-02-20	false
716	3	Hedvig Pattison	1928840387	5764 Algoma Lane	1954-12-11	false
717	8	Zarla Bridge	2003353865	449 West Street	1960-02-22	false
718	18	Agretha Drabble	1874842019	80 Esker Terrace	1997-01-18	false
719	11	Raina Saiz	5475765128	86421 Menomonie Court	1969-02-10	true
720	12	Cristin Trigwell	8378923963	336 Southridge Avenue	1969-02-07	false
721	14	Ermentrude Flescher	7004942339	9 Northport Drive	1966-02-10	true
722	19	Isidora Elegood	4775582550	4 Eagle Crest Road	1971-08-25	true
723	5	Stu Brogden	7538494524	9695 Kedzie Point	1953-10-19	false
724	18	Jaclin Phillipp	3797334619	9990 Truax Park	1957-09-15	true
725	11	Billie Cicutto	2196561430	2 Lindbergh Trail	1976-11-16	false
726	17	Hannis Arrington	4048525774	12113 Rieder Alley	1993-07-19	true
727	20	Brok Fant	9302173687	8325 Ronald Regan Circle	1994-12-28	false
728	3	Arri Essery	8743053621	90974 Spohn Place	1971-02-11	true
729	20	Bonni Copner	9162268131	245 Bunker Hill Drive	1953-05-09	true
730	15	Thurston Diddams	4531457463	34 Express Lane	1982-03-16	false
731	18	Orson de Cullip	1103023425	2276 Kenwood Terrace	1994-03-18	true
732	6	Harwilll Arnet	9572440278	307 Golf View Junction	1982-02-26	false
733	17	Ferd Barlass	4828756389	9751 Troy Terrace	1964-03-03	false
734	19	Tanner Seton	3293638278	92442 Columbus Place	1994-07-04	true
735	7	Sheila Mordy	6107334485	97521 Heath Plaza	1980-09-22	true
736	14	Marmaduke Prattington	2539501976	46545 Badeau Avenue	1982-03-08	false
737	5	Washington Overal	2183976279	8 Golf View Terrace	1989-07-05	false
738	19	Mallissa Hinsch	1558520584	1042 International Lane	1951-05-05	true
739	18	Jeddy Terrill	9108040052	295 Twin Pines Way	1972-10-16	true
740	7	Malanie Coldbreath	5448649428	0441 Pine View Street	1995-02-08	false
741	14	Neal Conklin	6347683105	3935 Vermont Center	1955-03-19	true
742	12	Dame Seavers	2606741511	7904 Wayridge Street	1982-06-20	true
743	5	Aldridge Ferenc	7763166502	633 Bay Avenue	1998-05-06	true
744	2	Ethelbert Elphick	8934543737	3 Novick Drive	1974-07-07	false
745	9	Blinnie Whebell	3202642365	759 Dorton Drive	1961-01-13	false
746	7	Yolanda Torel	7606750627	1 Evergreen Center	1979-03-06	true
747	10	Blithe Nussen	6715549586	0 Sachtjen Lane	1990-02-28	false
748	11	Gifford Doerr	3864007892	7554 Oriole Way	1954-02-10	false
749	14	Link Seyfart	4957084829	7 Express Plaza	1994-10-06	false
750	7	Casandra Iacavone	5511075817	337 Artisan Street	1979-08-26	false
751	13	Dorotea Fielder	2845053960	81729 Tony Street	1960-12-26	true
752	17	Melinda Beaulieu	7395846344	63438 Debs Junction	1990-09-03	true
753	12	Melesa Houselee	4363379496	0010 Independence Court	1955-03-10	false
754	4	Salomi Tesoe	8725267563	4 Sloan Park	1959-05-03	false
755	11	Kylynn Banker	7659410225	8 Spaight Trail	1991-12-22	false
756	13	Selie Dellow	8582731724	6 Old Shore Circle	1980-11-15	false
757	20	Dori Attack	9318587167	35 Morningstar Terrace	1990-03-27	false
758	13	Patric Bellenger	1093753623	52204 Springview Road	1993-08-27	true
759	4	Maynard Vlasyev	7919962271	88364 Express Circle	1951-12-28	false
760	20	Prissie Conahy	6042991663	6724 Lotheville Place	1970-03-25	true
761	3	Belita Form	5198736186	29907 Utah Drive	1989-09-27	true
762	15	Langston Cescot	6143066951	0 Schmedeman Junction	1982-09-04	false
763	6	Husein Pharaoh	3181136037	429 Darwin Drive	1975-10-15	true
764	11	Sasha Hairsine	8665624066	1 Bunker Hill Trail	1986-06-26	true
765	13	Kermit Halms	6211968732	91967 Marquette Place	1995-08-18	false
766	2	Darrick Baldassi	7577261194	5 Bashford Road	1960-09-02	false
767	20	Saloma Fiddiman	8369503475	656 Monica Street	1978-08-15	true
768	2	Wilburt Castella	8747443422	081 Dottie Place	1972-07-07	false
769	8	Isak Lawlee	9203274644	069 Jackson Plaza	2000-03-04	true
770	9	Clareta Stocker	2918307344	36396 Green Lane	1966-12-01	false
771	5	Arleta Bignold	3765541270	82013 Havey Hill	1963-06-24	true
772	12	Ivie Canti	2923846914	6940 Buhler Circle	1970-12-22	true
773	20	Doris Zecchini	7748153276	4301 Brentwood Street	1977-06-03	true
774	18	Bobby Mordaunt	1619195969	36832 Sheridan Center	1999-12-03	true
775	12	Gillie Langrish	4559145007	2 Arrowood Park	1992-04-20	true
776	18	Morie McGahey	8903664639	49 Judy Place	1956-04-08	true
777	18	Marielle Rillstone	7989935990	849 Esch Point	1955-05-05	false
778	15	Carline Reynolds	3502721364	9 Prairie Rose Drive	1986-04-25	false
779	19	Anissa Putton	9755855657	39392 Macpherson Drive	1987-10-19	true
780	6	Gerardo Kenen	6002517445	61533 Lighthouse Bay Crossing	1952-04-03	true
781	14	Zebedee Fritzer	9143757053	059 Dapin Place	1999-01-06	true
782	12	Ranee Decruse	5897603503	1 Mariners Cove Avenue	1956-02-15	true
783	1	Theresita Wombwell	7968780987	931 Fordem Plaza	1987-12-28	true
784	7	Erskine Rocks	6453167747	65760 Eliot Street	1986-01-07	true
785	2	Fields Goeff	9746037981	4600 Hallows Center	1987-12-09	false
786	3	Vivian McClary	5648672012	279 La Follette Place	1994-11-03	false
787	11	Kacie Skilton	5256910918	762 Russell Pass	1974-02-14	false
788	19	Zaneta Clemson	8258042461	37 Eastwood Street	1987-07-13	false
789	10	Renard Sparkes	7074647475	15660 Anhalt Plaza	1989-01-07	false
790	19	Alford Nilges	8896941322	7 Daystar Circle	1980-04-04	true
791	12	Cyndia Trusty	3897874820	922 Hollow Ridge Park	1953-09-25	false
792	3	Curr Cyphus	2295226582	47 Meadow Vale Point	1981-05-31	true
793	16	Betsy Natt	9214077704	14 Delladonna Point	1982-05-06	true
794	12	Zarla Drain	3587842132	40 Graedel Point	1959-05-17	false
795	12	Eleanor Achurch	5912992158	15 Pleasure Road	1991-06-20	false
796	4	Howard Blankenship	1233313570	91 Fallview Road	1981-11-21	true
797	7	Bliss Merrikin	6428517679	830 Maple Wood Pass	1988-08-23	true
798	14	Guido Battill	8336342930	5 Loeprich Way	1978-10-11	false
799	20	Casey Leedes	1596617930	68 Anhalt Way	1989-03-28	false
800	6	Evaleen McFater	5372653779	129 Cardinal Road	1959-04-18	true
801	15	Rube Allone	8224413716	83 Crest Line Avenue	1985-05-08	true
802	9	Weider Bunch	1291258364	6 Dovetail Street	1968-09-27	true
803	19	Sargent Fass	8209158771	70 Corscot Way	1952-11-29	false
804	3	Geordie Forsythe	2068505529	501 Elka Park	1982-09-06	false
805	14	Brendin Simioli	7777401776	0 Coleman Crossing	1993-05-19	false
806	13	Elmore Tesche	4685234511	117 Loeprich Drive	1993-06-01	false
807	13	Gerta Chaloner	5663182854	31 Dakota Junction	1951-09-22	false
808	18	Cody Deackes	2887973750	76005 Dwight Avenue	1989-09-07	false
809	13	Dorris O'Reagan	7361567022	368 Brentwood Way	1982-03-04	false
810	15	Isacco Lackey	9638541064	8608 Talisman Drive	1954-07-28	false
811	12	Lance Webley	3436231569	30 Clyde Gallagher Road	1952-09-13	false
812	18	Teresina Ritchings	4325536056	91 Bultman Way	1984-06-28	true
813	8	Florette Calafato	7307207833	41151 Jackson Court	1996-04-25	true
814	17	Fairfax Allflatt	2222833879	63687 Hintze Park	1995-07-07	false
815	9	Elisabet Ruffell	4172247438	091 Bay Hill	1973-01-27	false
816	16	Corabella Friman	6657065673	9531 Eggendart Plaza	1988-12-26	false
817	2	Ly Allawy	3566537654	7508 Golden Leaf Road	1968-09-29	true
818	10	Anabal Layburn	5083011188	30501 Linden Crossing	1980-03-27	false
819	4	Gwenora Budd	6593822247	2120 Clyde Gallagher Plaza	1973-10-18	false
820	17	Blanca Donnachie	8949062447	4 Washington Lane	1989-06-10	true
821	14	Kellen Strotton	8657755256	9872 Village Green Place	1982-02-22	true
822	13	Abbi Calton	4553554008	547 Blaine Road	1985-09-18	true
823	18	Gabi Granham	9233877466	341 Northfield Trail	1982-08-26	true
824	17	Gwennie Dench	8496506215	98971 Susan Avenue	1964-12-15	true
825	4	Vite Swyn	5345925841	5897 Rigney Center	1983-01-11	false
826	4	Gwenora Jovicevic	6383987028	98383 Duke Court	1983-12-17	false
827	10	Roz Gawthorp	9216531850	1566 Grover Junction	1980-01-29	true
828	19	Belinda Maier	5287739471	766 Meadow Ridge Hill	1978-04-22	false
829	1	Vinson Anfusso	5102302534	910 Kenwood Circle	1967-10-10	true
830	5	Baldwin Bittleson	7166796346	46 Hagan Alley	1959-12-14	true
831	12	Jaime Tiley	6809602363	1951 Oak Avenue	1972-02-27	true
832	11	Deny Cannavan	3118845378	307 Jackson Road	1984-11-29	false
833	5	Ham Dymick	9437457755	24211 Hermina Circle	1988-09-16	true
834	14	Barrett Gerge	6765779647	7 Aberg Center	1966-09-20	true
835	13	Genvieve Gooda	6838519630	9 Tennessee Pass	1976-01-17	false
836	9	Parnell Labarre	8319492082	4680 Almo Drive	1986-08-30	true
837	1	Myrtia Aspden	2735651125	6 Colorado Avenue	1995-09-10	true
838	5	Ole Empleton	2104173577	8579 Bluestem Plaza	1980-09-21	true
839	9	Russell Jendrich	9612289889	5192 Donald Plaza	1965-05-10	true
840	4	Malachi Dearnaley	7003976801	9 Paget Junction	1977-06-25	true
841	13	Celisse Strangward	6748450296	86 Mcbride Court	1952-02-28	true
842	11	Janis Mc Giffin	2633867310	9552 Utah Drive	1984-01-26	false
843	13	Thom Gindghill	9462539873	9 Ohio Circle	1951-10-01	false
844	1	Donielle Isaksen	9658169237	05 Crescent Oaks Park	1977-06-01	false
845	18	Tory Aslam	9198663439	44242 Granby Hill	1990-01-16	true
846	15	Pepita Larn	1569958471	026 Lien Point	1966-06-02	false
847	8	Ryan Mouncey	6894375412	6 Bashford Point	1964-05-05	false
848	17	Reggie Foot	4265100937	0 Canary Junction	1988-11-11	true
849	9	Papagena Brain	4118189464	500 Hoepker Park	1976-11-08	true
850	17	Bartram Beadman	2142316805	4029 4th Alley	1972-04-08	false
851	14	Montgomery Cowthart	4798383572	60386 Moulton Avenue	1996-08-12	false
852	8	Beniamino Jado	5937053409	29 Colorado Junction	1951-02-25	false
853	12	Perice Leport	7825669434	20197 American Ash Street	1983-09-14	true
854	15	Clive Grocutt	1343041355	81 Annamark Hill	1989-04-14	true
855	13	Melisande Sommerscales	2432611942	86 Kenwood Street	1999-12-04	true
856	14	Mel Wittering	9176535576	73 American Ash Pass	1977-04-04	true
857	9	Derron Battle	3832241127	3285 Kedzie Terrace	1995-02-11	true
858	11	Bernarr Gainsford	3573147849	3723 Melby Pass	1982-04-13	false
859	6	Bendix Hegg	5194238962	5 Nancy Center	1968-03-31	false
860	5	Kellina Huck	4916842692	31310 Lawn Pass	1997-04-19	true
861	13	Nissa Tarney	8439253585	1451 Grim Alley	1969-12-10	false
862	10	Jeannie Iannini	4341002879	977 Algoma Pass	1963-08-11	false
863	7	Aylmer Pherps	7863323490	6 Bashford Park	1966-07-06	false
864	10	Nannette Rochell	3517183666	3624 Mandrake Place	1989-09-13	true
865	10	Christalle Greensite	3999401711	19 Hintze Circle	1951-10-23	true
866	1	Adeline Cavanagh	6835084794	67892 Continental Terrace	1989-07-08	true
867	2	Gilbert Guiducci	7187013089	569 Merrick Parkway	1984-02-16	false
868	18	Lynde Ruston	9049703624	55 Fremont Trail	1986-12-11	false
869	6	Nicki Enochsson	1231794375	1230 Elmside Place	1966-08-02	true
870	16	Carol-jean Furmonger	1798519737	9468 Springview Trail	1979-10-24	false
871	11	Elsbeth Mascall	3688255515	399 Oak Alley	1995-02-26	false
872	9	Lucho Piatkow	8546183893	15 Maple Wood Place	1997-06-14	false
873	20	Rudie Stidever	2189871014	67063 Bunting Court	1959-12-03	true
874	12	Tate McMenamie	4135525861	828 Gerald Point	1979-12-25	false
875	8	Germain Bramsom	9866429832	1083 Lakewood Terrace	1959-11-16	true
876	13	Kanya Thickett	7364298368	6 Carioca Circle	1966-04-05	true
877	5	Shadow Bunhill	8693592430	99 Logan Avenue	1967-10-27	true
878	19	Korie Harraway	2058994203	28863 Parkside Circle	1964-12-07	true
879	11	Shani Sweetenham	9219501212	8121 Mcguire Road	1962-03-02	false
880	6	Boyce Lockless	3751818425	05948 Sherman Alley	1985-11-16	true
881	15	Farand Nutbeem	8172739608	5 Clarendon Point	1996-02-26	false
882	2	Dara Simmgen	1014328690	252 Monica Pass	1974-12-11	false
883	3	Elicia Cabrales	1084281872	39195 Tomscot Court	1974-03-28	true
884	4	Karlan Oswald	9092709352	18877 Cardinal Street	1968-08-02	false
885	1	Zarah Sherland	6048694336	78 Colorado Court	1998-10-24	false
886	1	Rorke De Maine	1563644047	35 Nevada Circle	1955-07-12	false
887	18	Faina Sorley	7655445357	189 Karstens Drive	1968-10-08	true
888	16	Wendel Urridge	9129533500	4 Loeprich Street	1967-04-15	true
889	15	Walt Halladey	1994879746	2042 Pennsylvania Parkway	1985-05-19	true
890	3	Hertha Hullin	7397819184	24482 Blaine Circle	1952-03-28	true
891	1	Kitti Livingston	8343086586	9033 Jenifer Park	1980-07-16	false
892	14	Lori Colebourn	5703311632	3 Heath Way	1991-11-04	false
893	9	Bibbye Stening	3143042295	34 Linden Crossing	1984-08-22	false
894	12	Berty Kobisch	8795775058	97622 Thompson Center	1991-01-27	true
895	18	Horten Zapatero	9389883147	3941 6th Drive	1965-12-05	true
896	7	Lotta Grene	5827008443	523 Caliangt Terrace	1988-03-27	false
897	16	Sibley Nurcombe	5538930141	76 Fairview Pass	1968-10-12	true
898	2	Lacey Fumagall	1558624766	79 Arizona Alley	1996-03-25	false
899	10	Sharl Earland	8035589100	73086 Melby Trail	1953-09-18	false
900	15	Kendrick Bearham	5585679547	19275 1st Alley	1951-03-22	false
901	1	Aurore Cowpland	1075237423	91 Namekagon Pass	1992-10-05	true
902	3	Maryanne Holbarrow	6546184799	5 Dwight Trail	1967-04-01	true
903	19	Roze Keasey	3817162211	59 South Avenue	1952-07-03	true
904	12	Brian Gorcke	2849252059	655 Anhalt Court	1965-11-14	true
905	19	Chilton Birkbeck	9266560921	0 Johnson Drive	1982-04-21	false
906	1	Sela Cicerone	1616839065	16693 Donald Drive	1974-08-16	false
907	16	Grissel Gopsill	5063940388	2 Loomis Terrace	1983-11-14	false
908	1	Dorri Bosson	1026540856	564 Atwood Street	1999-07-04	true
909	8	Leta Hassett	4118138070	2 Nancy Center	1969-03-12	true
910	20	Tomaso Huckabe	2072596701	528 Merry Way	1991-07-03	true
911	2	Justinian Catherall	2244905036	30 Bellgrove Alley	1992-08-04	false
912	12	Kevon Epinoy	1233716302	7112 Warbler Point	1960-07-07	false
913	15	Danice Brendeke	7853435972	2793 Eliot Parkway	1950-11-01	true
914	15	Abbey Gladman	7077761519	91256 Oriole Way	1967-12-25	true
915	7	Katya Clarke	5272448804	6152 Corscot Lane	1950-11-08	true
916	9	Tabbatha Gradley	6581172927	31702 Merry Plaza	1950-08-09	true
917	13	Elli Ledgister	3855500625	6212 Walton Avenue	1969-01-24	true
918	7	Gertie Alderton	3544211290	48 Village Plaza	1950-06-27	false
919	17	Stacie Standing	6861384752	7487 Tennessee Alley	1957-06-05	true
920	3	Judie Ariss	6146692777	5 Sugar Street	1986-12-31	true
921	3	Jarret Ewers	2892384177	3 Hayes Circle	1962-01-27	true
922	6	Stephana Enefer	1225098959	876 Hagan Park	1955-03-10	false
923	13	Raynard Pigeram	9443347094	559 Schurz Trail	1985-11-17	true
924	3	Alvan Leitche	5372042837	326 Elmside Plaza	1996-04-10	false
925	16	Krystyna Iacobo	8138258256	7012 2nd Park	1973-12-12	false
926	10	Carmella O Mullen	4504163581	6 Debs Park	1964-08-23	true
927	11	Harlene Cardwell	3917070774	79 Lighthouse Bay Trail	1966-10-25	true
928	20	Luther Abrahams	5865001960	6488 Bunker Hill Circle	1964-10-21	true
929	17	Joan O'Neal	4713516595	3357 Schmedeman Street	1991-06-25	true
930	12	Dierdre Chastand	9908948486	17275 Dakota Crossing	1992-04-25	true
931	18	Thorpe Cappleman	9844134955	71 Melrose Place	1995-07-14	false
932	3	Annaliese Iacovo	7008251741	320 Pawling Circle	1967-09-15	false
933	18	Lynnelle Brotherhead	4167155947	0988 Village Green Parkway	1975-09-24	false
934	18	Nanice Rudeyeard	4294444756	86 American Ash Junction	1959-04-29	true
935	7	Tressa Aked	5106835721	0309 Butterfield Crossing	1989-12-07	true
936	3	Hetti Inchan	9161510710	9808 Hooker Road	1973-01-15	false
937	16	Angel Milkeham	6822219618	1 Granby Avenue	1963-08-25	true
938	6	Rene Mertgen	5782958012	39 Granby Avenue	1952-04-19	true
939	1	Shalom Dendon	1208909267	1962 Fieldstone Parkway	1984-02-13	true
940	8	Korrie Gallety	1435950019	175 Myrtle Plaza	1989-10-23	false
941	20	Frank Springall	8838383965	28267 Heffernan Hill	1973-10-16	true
942	12	Bea Gibbins	9155214313	24 Thierer Crossing	1990-05-26	true
943	10	Nowell Gosswell	9661625998	754 Coolidge Drive	1981-05-08	false
944	5	Alley Hellwich	1474294651	1285 Cottonwood Circle	1991-02-09	false
945	1	Tybie Steele	8942709041	6733 Eggendart Road	1998-12-11	true
946	12	Stearn Bartosinski	7188288006	72 Warner Road	1970-03-26	true
947	20	Orv Escot	8963430849	65 Sunnyside Court	1959-05-01	false
948	13	Durand Coverly	2918126433	9762 Ridgeway Pass	1961-08-15	false
949	14	Danette Curryer	5662597285	972 New Castle Park	1957-07-27	false
950	16	Ignace Crut	6092279042	43386 Clemons Point	1953-06-26	false
951	11	Steven Grouen	8492868799	04227 Coolidge Terrace	1959-05-18	true
952	20	Sosanna Duberry	7488483685	49 Talmadge Parkway	1978-09-14	false
953	8	Eugenius Armour	8296217432	290 La Follette Crossing	1958-02-15	false
954	7	Wayne Delgadillo	7675484212	508 Forest Dale Point	1954-03-04	true
955	17	Ryan Goning	1607156759	39417 Comanche Street	1992-07-10	true
956	7	Euphemia Ilymanov	1702282899	0 Waywood Parkway	1996-10-26	true
957	12	Meggy Frankowski	8971010915	3 Prairieview Crossing	1995-12-27	true
958	19	Anette Cucuzza	5702816922	543 Melrose Point	1995-03-28	false
959	11	Bear Cail	4021611005	801 Ohio Road	1952-01-04	false
960	17	Spike Ransbury	7278319586	04 Karstens Road	1992-02-18	false
961	5	Grace Klus	5031721496	1748 Toban Trail	1989-03-31	true
962	12	Sharleen Blant	7578169350	4791 Clove Crossing	2000-01-10	true
963	6	Faber Mumbey	9047528490	217 Autumn Leaf Trail	1989-12-02	true
964	17	Chiarra Maydway	2812011274	3 Eagle Crest Parkway	1955-12-04	true
965	13	Cary Simenet	7966579265	82902 Hayes Circle	1965-11-18	true
966	12	Catherine Stennet	6843883192	28082 Gerald Parkway	1988-03-26	true
967	15	Bunnie McTeggart	2322016464	9 Marcy Point	1963-01-12	true
968	9	Kennith Cattle	9593503213	75844 Kings Place	1979-12-23	true
969	3	Rosalie Nutter	1759292057	39 Buena Vista Terrace	1982-09-24	true
970	1	Whitman De Bell	9809094455	64 Oak Parkway	1954-11-24	true
971	14	Vonni Gillies	3499914536	96 Corscot Terrace	1979-03-27	false
972	12	Pippy Readhead	5775046034	017 Fremont Trail	1982-02-18	true
973	12	Abey Czyz	6415104507	03082 Brown Point	1992-09-19	true
974	3	Caroljean Vallis	5345865966	55 Spaight Avenue	1980-03-26	true
975	10	Calli Headey	3225046947	64144 Kropf Lane	1997-05-22	true
976	6	Rolland Garrett	7633133680	6 Sachtjen Trail	1984-07-19	false
977	3	Tawsha Voisey	1372275327	672 Graedel Junction	1991-01-06	true
978	13	Hyacinthie Hovey	9536971067	9345 Texas Hill	1951-01-20	false
979	3	Steve Houten	4603611447	53774 Caliangt Way	1978-04-12	false
980	17	Reg Breen	9727531188	09748 Starling Point	1979-05-05	false
981	14	Francisca Martynov	6014616739	91 Clyde Gallagher Hill	1958-03-21	false
982	18	Haydon Poskitt	7921052660	809 Bay Trail	1957-02-08	true
983	9	Morse Scates	2328097831	708 Haas Plaza	1982-03-22	true
984	17	Augustin Kemery	2499303675	14 Kedzie Court	1994-12-22	false
985	17	Shalne Barge	2032662359	6927 Melvin Crossing	1993-04-29	false
986	4	Chilton Burstow	4166824162	34493 Namekagon Junction	1956-09-15	true
987	7	Gracie McClaren	9153847647	2944 Milwaukee Park	1961-12-28	true
988	10	Tomlin Brailey	9782337858	522 Talmadge Court	1957-08-28	false
989	7	Florian Paffett	8535842985	617 Dovetail Point	1982-02-07	true
990	20	Ricca Plaskitt	2444596260	441 Londonderry Junction	1973-08-01	false
991	6	Gavan Chucks	8744895793	012 Golf View Park	1985-05-02	false
992	19	Godart Medwell	7255597077	7 Bartillon Hill	1995-07-14	true
993	19	Christabella Sambrook	1138742164	5 Moland Hill	1973-11-17	false
994	10	Yanaton McKellen	5107485924	932 Bartelt Way	1994-09-25	true
995	9	Carla Heersema	4294253217	0 Hoepker Parkway	1970-10-05	false
996	7	Mauricio McKerrow	2422097802	83651 Homewood Hill	1990-10-31	false
997	13	Buddie Margrem	4318402208	1 Lawn Point	1985-04-07	true
998	10	Gail Olerenshaw	6211116712	9423 Esch Parkway	1978-09-30	false
999	19	Dominga Moukes	2391390089	9 Hollow Ridge Avenue	1968-03-01	true
1000	16	Padget Perford	6988409718	01769 Debra Way	1958-08-04	false
