62,10,5,2024-01-08,Malia Duval
2,8,8,2023-11-11,Rudyard Hassell
50,2,4,2024-03-27,Kellen O'Connell
5,11,11,2023-04-09,Baryram Wilkinson
17,9,15,2024-02-13,Averyl Carlile
15,2,16,2024-01-09,Fredrika Fawlkes
14,6,15,2023-08-30,Mikaela Hartegan
81,12,10,2023-04-06,Willi Pettegree
2,5,20,2023-08-07,Vlad Pinchin
29,2,12,2023-03-24,Bear Soffe
22,7,10,2024-03-20,Hobey Normington
69,2,14,2023-03-01,Cullan Rawstorne
36,2,20,2023-04-28,Jodi Stockley
64,2,9,2023-05-09,Sarge Meace
95,11,14,2023-09-04,Karoly Battisson
91,12,5,2024-01-08,Lawrence Clemmett
48,6,3,2023-07-14,Eartha Wennam
56,8,11,2023-09-27,Michal Edser
65,5,11,2023-07-05,Riane Yanyshev
54,1,3,2023-08-23,Bartholomeus Dinsale
21,10,6,2024-03-02,Lonna Pickaver
86,7,8,2023-12-04,Roddy Mattioni
47,5,1,2023-09-10,Elnora Jemmison
44,8,14,2023-10-23,Orson Bowra
15,11,3,2023-08-08,Rustie Janczyk
49,3,20,2023-03-30,Gwenneth Kingcote
12,8,7,2023-07-02,Saudra Payfoot
11,9,9,2023-11-19,Anthe Tavinor
51,11,8,2023-05-09,Floria MacCrachen
26,12,10,2023-09-11,Guillaume Twiname
61,4,1,2023-03-08,Zacharias Readshaw
35,9,9,2024-04-17,Roxane Faltskog
66,5,16,2023-06-25,Westley Santostefano.
11,4,12,2023-11-23,Lesly Siaspinski
50,10,16,2023-11-06,Brynn Bathoe
80,9,14,2024-02-09,Issiah Demcak
72,12,11,2023-11-09,Hinze Delacour
6,1,10,2023-07-07,Phip Taffe
46,10,5,2023-04-05,Lynne Scotter
49,10,19,2024-03-29,Alonso Nott
78,10,8,2023-12-31,Jacklyn Craigg
10,8,19,2023-08-05,Myer Titheridge
37,8,18,2023-09-18,Mildred Darbyshire
88,2,3,2024-01-27,Errick Jelleman
57,1,19,2023-12-03,Hobart Klesel
90,4,3,2023-04-23,Sinclair Labadini
30,4,15,2023-07-01,Yorgos Wilshere
42,9,9,2023-07-10,Arlina Sellan
57,4,16,2023-07-31,Loutitia Barrows
63,4,10,2023-07-15,Mireille Buxsey
15,2,3,2023-08-12,Karisa Creaven
43,5,13,2023-10-12,Frederica Ilson
56,9,20,2023-08-05,Thaine Perfitt
92,1,7,2024-04-12,Bella Huett
41,6,16,2023-05-22,Teresina Izhaky
15,10,1,2023-05-11,Willa Drugan
86,7,6,2024-03-26,Jacki Berzons
31,9,1,2023-04-13,Kirby Wharf
74,3,20,2023-08-15,Mada Coolson
54,6,8,2023-03-03,Clim Dunsire
53,3,15,2023-04-27,Levin Lemmen
50,7,11,2023-05-17,Alberto Dymoke
60,7,15,2024-01-26,Harlan Forward
51,9,14,2023-03-11,Jannelle Staner
79,4,18,2023-11-20,Michelina Bracey
7,8,16,2023-04-16,Jammal Percifull
97,11,3,2023-04-27,Bertrando Donoghue
16,9,16,2023-10-14,Sheilah Rathjen
80,11,6,2024-02-18,Helena Lathey
68,10,3,2023-07-30,Gradeigh McOwen
39,1,15,2024-01-03,Dionysus Kleeman
24,9,4,2023-12-28,Myer Palethorpe
85,2,18,2023-03-11,Christian Cranidge
9,8,5,2023-06-04,Maribelle Tindall
41,2,2,2023-06-09,Melisent Bonar
43,8,8,2023-08-06,Ardine Lindemann
77,1,11,2023-08-29,Ervin Piwell
11,11,10,2023-07-08,Luelle Kless
73,2,6,2023-11-23,Dotty Heasley
98,11,10,2023-06-13,Abbey Pearson
57,3,8,2024-02-13,Jami Haining
19,12,5,2023-07-08,Bonny Chippendale
19,2,20,2024-03-01,Tabb Cellone
8,5,13,2023-07-11,Lucita Barstowk
30,5,11,2024-01-18,Philip Kobieriecki
69,5,17,2024-04-20,Wyatt Calcut
10,4,4,2023-09-29,Lewes Paddell
88,3,16,2023-10-22,Betta Brecken
8,9,6,2023-10-27,Corenda Kuschel
93,1,9,2023-05-16,Nicky Stewart
50,5,5,2024-02-04,Mycah Berryann
28,3,9,2023-10-23,Twyla Gladebeck
29,12,4,2023-06-06,Belle Mesnard
53,8,12,2024-03-21,Marinna Sewards
65,3,16,2024-04-11,Drew Dracey
35,12,3,2023-11-23,Damian Tough
35,7,8,2023-06-17,Rakel Mullord
78,2,1,2023-03-31,Diane Stebbin
57,5,17,2023-09-19,Gerianne Sharper
11,2,8,2023-05-30,Tiphani Gudeman
29,7,6,2023-11-02,Nikos Boxhill
69,12,20,2023-05-13,Inesita Chancellor
79,12,8,2024-01-08,Ezmeralda Gouldthorpe
82,10,12,2023-06-04,Alena Duquesnay
31,1,7,2023-06-09,Jacky Stewartson
76,12,3,2023-10-13,Stewart Rame
65,8,16,2023-09-10,Merna Manssuer
19,7,20,2023-05-22,Shaun Tumility
69,8,12,2023-06-23,Putnam Epps
94,1,16,2023-08-29,Gabie Lurriman
46,5,2,2023-07-31,Aube Amorts
80,11,14,2024-04-06,Pierce Pontefract
87,7,8,2023-09-20,Lynda Leatt
75,3,19,2023-10-13,Hildagard Creenan
65,12,11,2023-11-29,Dorise Thowes
9,3,9,2024-01-04,Reginauld Pering
85,1,7,2023-05-22,Vivia Riolfi
29,5,8,2023-03-25,Marga Dovinson
11,7,2,2024-03-30,Felic Heathcote
2,5,20,2023-05-11,Naoma Chinn
17,5,19,2024-01-11,Thaddeus Duiguid
63,8,2,2024-01-05,Drugi Killelea
81,7,7,2023-05-09,Liuka Gronowe
65,3,18,2023-03-23,Penni Baird
94,6,7,2024-01-19,Garvey Pevie
25,11,15,2023-08-16,Sadye Andras
42,11,4,2023-05-30,Natalee Bishop
80,2,7,2023-11-12,Blanca Howman
48,2,1,2023-07-06,Kevyn Sexti
73,6,11,2023-07-30,Kevin Conibere
92,12,4,2023-11-24,Gavra Bensen
51,12,15,2023-04-05,Lorne Devanney
61,10,3,2024-03-27,Red Chiplen
72,6,2,2024-04-13,Minna Sevitt
32,10,12,2023-10-31,Bendicty Iseton
96,5,11,2024-01-25,Sarine Vernall
13,4,11,2023-11-08,Darleen Rapley
75,11,13,2024-04-25,Camala Scaysbrook
25,2,3,2023-09-22,Alfonse Seneschal
25,6,13,2023-04-11,Nowell Wellington
49,7,13,2024-01-14,Billy Gniewosz
35,7,3,2024-04-09,Valli Spire
95,12,1,2024-02-17,Lief Gillhespy
36,7,16,2023-10-23,Jamill Nutley
45,9,20,2023-10-11,Estevan Hitter
21,8,20,2023-03-26,Malchy Leban
91,12,17,2024-03-28,Rozalin Middas
7,3,11,2024-02-26,Alford Gladden
3,5,15,2023-09-30,Stephi Hovee
42,2,14,2023-12-22,Meade Glave
64,8,8,2023-07-30,Maynard Lockier
5,11,1,2023-07-05,Mikaela Gallifont
72,7,4,2023-06-06,Jesse De Lorenzo
51,5,1,2023-04-07,Rachelle Ikins
72,10,9,2023-12-16,Pammy Dufour
33,5,17,2024-04-17,Ailee McKeurton
65,9,18,2023-07-25,Rena McVey
35,4,7,2023-12-26,Sheryl Pavy
58,6,20,2023-03-14,Carol Ennew
64,10,10,2023-12-02,Iorgos Kidby
94,9,7,2023-06-12,Evaleen ffrench Beytagh
48,11,2,2024-03-03,Haily MacKenny
10,4,2,2023-07-28,Pattie Paolino
68,12,8,2023-10-26,Onfroi Aers
78,11,18,2023-12-31,Julissa Shuttle
52,2,4,2023-10-12,Smith Gibbonson
44,2,19,2023-07-29,Charline Scotchforth
33,11,10,2023-08-03,Case Synke
97,2,4,2023-09-08,Willamina Acum
73,6,6,2023-12-19,Dex Lancaster
35,7,15,2024-01-15,Shannen Sheber
45,7,7,2023-10-18,Cobbie Nern
51,8,1,2023-05-02,Duff Hanscome
22,3,17,2023-03-16,Buckie Jordanson
11,3,18,2023-04-11,Itch Nardoni
87,6,8,2024-01-13,Sondra O'Lochan
36,7,12,2023-07-01,Craggie Cord
93,2,16,2023-07-13,Wilhelm Issakov
62,9,15,2023-05-24,Hastings Blasoni
68,8,7,2024-04-15,Burton Stanfield
34,12,15,2023-06-11,Heath Adamo
17,5,6,2024-03-02,Karl Damiral
97,9,2,2023-10-27,Leonie Petrolli
14,6,19,2023-08-08,Donovan Immer
3,1,19,2024-02-10,Karola Andriessen
88,6,15,2024-02-01,Cyril Blues
64,3,11,2023-09-28,Antony Cullen
37,5,1,2023-07-15,Loralee Brunesco
97,3,16,2023-05-18,Alika Alcide
93,10,15,2024-03-08,Averil Hurring
58,11,12,2023-08-04,Laraine McHenry
43,8,20,2023-08-22,Lauren Goter
66,4,10,2024-03-10,Silvano Matschke
32,3,5,2023-05-20,Dorolisa Ciric
18,7,12,2024-01-04,Minetta Dulanty
14,3,11,2023-05-13,Edy Hourahan
92,10,17,2023-05-29,Inna Braid
52,1,20,2023-05-06,Anestassia Entreis
45,8,12,2023-05-07,Sophey Moro
50,8,5,2024-04-10,Noelani McGowing
