45,8,129,Reserved,151,141,12,Smoking Double
26,12,92,Being Cleaned,153,36,4,Double
43,8,182,Being Cleaned,190,114,20,Double
31,12,144,Reserved,155,76,4,Double
14,3,146,Currently Occupied,39,194,11,Penthouse
47,1,191,Being Cleaned,8,103,9,Penthouse
68,6,90,Being Cleaned,63,155,2,Single
4,2,159,Currently Occupied,186,195,19,Suite
18,9,100,Reserved,126,70,18,Single
40,11,81,Reserved,90,123,14,Single
91,9,196,Currently Occupied,22,67,5,Single
50,8,73,Being Cleaned,16,37,5,Single
1,11,86,Being Cleaned,158,23,6,Suite
96,5,75,Reserved,33,99,2,Suite
85,5,186,Being Cleaned,5,100,4,Single
16,12,138,Being Cleaned,155,180,12,Penthouse
43,8,87,Being Cleaned,180,143,8,Penthouse
63,9,132,Reserved,83,192,9,Double
24,3,83,Open and Ready,160,145,16,Single
95,12,157,Being Cleaned,199,98,1,King
18,6,198,Being Cleaned,168,24,16,King
33,3,123,Reserved,45,7,20,Suite
92,10,146,Being Cleaned,7,166,17,Suite
75,8,177,Reserved,160,37,18,Double
38,11,132,Open and Ready,165,117,14,King
80,12,121,Reserved,185,48,14,Double
94,2,114,Open and Ready,179,82,20,Single
73,6,158,Being Cleaned,135,59,20,Suite
35,8,192,Reserved,95,154,12,Suite
52,1,192,Being Cleaned,89,42,20,Double
43,11,115,Being Cleaned,32,148,16,Suite
21,2,86,Reserved,7,161,20,Smoking Double
44,9,143,Reserved,50,163,4,Family Style
40,6,145,Reserved,44,163,10,King
100,7,120,Being Cleaned,18,180,1,Double
10,11,185,Reserved,194,13,17,Penthouse
65,6,90,Reserved,51,167,13,King
15,2,192,Open and Ready,83,178,16,Smoking Double
37,11,100,Being Cleaned,26,56,7,Family Style
40,3,142,Currently Occupied,163,33,20,Family Style
65,2,125,Open and Ready,199,53,2,Smoking Single
75,7,132,Currently Occupied,74,20,8,Suite
32,3,93,Currently Occupied,192,55,5,King
96,4,115,Reserved,85,22,11,Family Style
34,3,128,Reserved,13,145,5,Penthouse
9,1,166,Reserved,3,121,6,King
2,9,193,Open and Ready,124,177,11,Double
55,12,144,Open and Ready,116,71,2,Single
82,6,90,Open and Ready,123,100,4,Family Style
1,2,157,Being Cleaned,119,104,2,Smoking Double
7,12,107,Being Cleaned,149,200,11,Double
91,4,123,Currently Occupied,74,146,6,Suite
75,8,189,Reserved,84,102,14,Double
17,4,158,Reserved,41,23,10,Suite
15,9,75,Open and Ready,23,79,15,Double
68,10,107,Reserved,138,156,8,Single
61,7,198,Being Cleaned,65,196,1,Smoking Single
91,4,154,Reserved,11,139,10,King
12,1,119,Being Cleaned,102,47,7,Smoking Single
17,9,189,Currently Occupied,65,141,15,Single
28,11,149,Open and Ready,57,78,10,King
99,12,151,Currently Occupied,154,198,2,Single
78,10,187,Open and Ready,12,100,13,Double
53,1,168,Reserved,54,88,4,Suite
1,10,176,Currently Occupied,172,166,7,Single
31,6,71,Being Cleaned,138,73,7,Suite
54,10,123,Currently Occupied,39,196,17,Double
15,8,148,Reserved,43,68,11,Suite
60,1,148,Reserved,179,110,4,Suite
80,9,132,Open and Ready,18,83,11,Suite
22,11,166,Reserved,15,131,6,Smoking Single
38,6,149,Reserved,7,192,20,Penthouse
9,11,118,Open and Ready,48,62,2,Single
11,3,130,Currently Occupied,39,127,18,Suite
76,7,161,Open and Ready,100,17,2,King
53,4,152,Open and Ready,21,17,15,Double
52,12,160,Reserved,139,122,19,Smoking Double
3,1,93,Open and Ready,199,64,13,King
31,2,70,Being Cleaned,178,18,15,Single
59,10,86,Being Cleaned,167,118,10,Smoking Double
34,8,126,Being Cleaned,164,137,5,Single
74,3,198,Open and Ready,45,59,17,Smoking Single
14,6,106,Currently Occupied,10,3,19,Suite
3,1,132,Currently Occupied,31,32,19,Family Style
37,11,178,Open and Ready,74,118,16,Suite
82,1,175,Reserved,168,181,15,Suite
36,7,113,Being Cleaned,46,175,16,Smoking Double
99,5,103,Being Cleaned,83,13,16,Double
25,6,191,Currently Occupied,139,152,3,King
36,7,188,Open and Ready,55,55,12,Smoking Single
51,4,84,Currently Occupied,199,130,1,Suite
67,10,95,Reserved,185,86,17,King
74,4,137,Reserved,28,28,1,Suite
2,5,120,Reserved,128,173,6,Suite
71,10,123,Currently Occupied,3,200,4,Single
78,5,76,Currently Occupied,170,105,7,Suite
97,9,110,Reserved,25,141,2,Suite
28,5,116,Being Cleaned,156,45,16,Smoking Single
69,12,160,Open and Ready,26,58,9,Smoking Single
78,2,188,Currently Occupied,69,1,20,Double
69,12,160,Reserved,9,150,17,King
39,10,83,Open and Ready,39,67,2,Smoking Single
72,12,151,Reserved,34,185,10,Smoking Double
64,8,158,Reserved,30,107,10,King
23,6,189,Currently Occupied,32,82,4,Double
32,10,191,Being Cleaned,89,165,2,King
85,3,90,Reserved,30,34,10,Family Style
70,12,163,Currently Occupied,87,192,12,Family Style
25,11,179,Open and Ready,86,92,15,Suite
94,6,70,Currently Occupied,152,117,7,Family Style
11,6,171,Being Cleaned,104,113,1,Single
22,8,192,Currently Occupied,184,76,4,King
53,4,160,Reserved,150,64,17,Penthouse
76,12,136,Currently Occupied,82,148,3,Smoking Double
53,9,194,Currently Occupied,179,12,16,Smoking Double
87,6,146,Currently Occupied,19,164,8,Suite
76,11,155,Currently Occupied,169,7,5,Smoking Double
21,12,120,Open and Ready,85,160,13,Single
24,4,77,Reserved,90,154,1,Penthouse
20,3,160,Currently Occupied,141,153,20,Smoking Single
58,11,123,Reserved,57,105,12,Double
89,7,86,Reserved,117,120,5,Double
73,11,166,Open and Ready,77,23,2,Double
88,6,101,Currently Occupied,200,130,15,Family Style
82,8,170,Open and Ready,50,153,10,Single
96,7,139,Currently Occupied,64,121,18,Smoking Single
65,2,150,Currently Occupied,41,102,5,Family Style
2,8,185,Open and Ready,169,197,8,Suite
28,8,154,Open and Ready,3,159,9,Smoking Double
32,9,153,Reserved,15,87,19,Penthouse
55,3,134,Currently Occupied,166,148,19,Suite
73,10,166,Reserved,80,38,11,Smoking Single
50,11,75,Currently Occupied,134,81,20,Double
7,4,80,Currently Occupied,172,13,9,Double
33,11,77,Reserved,161,184,9,King
75,11,73,Open and Ready,177,178,13,Smoking Double
42,11,161,Currently Occupied,4,187,4,Single
97,3,96,Currently Occupied,3,41,16,Penthouse
71,4,154,Currently Occupied,185,197,2,Single
80,2,124,Open and Ready,34,115,7,Smoking Single
100,8,188,Being Cleaned,23,2,1,Penthouse
37,5,146,Open and Ready,186,148,1,Single
7,2,188,Reserved,137,125,7,Double
46,2,158,Open and Ready,77,111,5,Family Style
48,2,100,Currently Occupied,38,154,1,Suite
7,8,177,Reserved,72,46,5,Double
88,12,83,Being Cleaned,111,30,7,Single
82,8,124,Currently Occupied,97,92,17,Family Style
81,7,113,Currently Occupied,88,45,7,Smoking Single
43,3,113,Being Cleaned,167,4,6,Single
57,1,111,Open and Ready,111,42,9,King
93,10,83,Currently Occupied,142,191,15,Penthouse
25,6,88,Open and Ready,149,5,13,Double
52,9,171,Reserved,53,158,15,Penthouse
72,6,86,Being Cleaned,132,96,2,Single
25,2,199,Reserved,174,49,3,King
49,7,137,Reserved,156,13,13,Penthouse
22,9,70,Reserved,48,22,15,Suite
47,12,108,Open and Ready,184,98,1,Smoking Double
65,3,190,Being Cleaned,71,112,18,Single
63,3,145,Being Cleaned,197,166,8,Smoking Double
63,12,165,Being Cleaned,155,173,5,Penthouse
59,5,172,Being Cleaned,119,184,12,Smoking Single
25,4,112,Currently Occupied,50,45,6,Single
92,3,119,Reserved,147,198,4,Double
14,2,126,Being Cleaned,11,181,9,Single
89,1,200,Being Cleaned,182,200,19,Single
42,8,176,Currently Occupied,173,66,8,Smoking Single
38,2,195,Reserved,57,77,19,King
51,12,128,Open and Ready,187,17,15,Single
45,9,183,Being Cleaned,55,33,20,Single
94,4,200,Currently Occupied,78,23,20,King
39,2,94,Open and Ready,10,132,18,Suite
30,8,177,Currently Occupied,81,62,13,Suite
9,10,86,Being Cleaned,3,20,13,Family Style
50,5,158,Currently Occupied,180,44,11,Single
35,7,194,Currently Occupied,12,113,3,Penthouse
53,11,181,Currently Occupied,105,71,20,Penthouse
71,9,191,Open and Ready,102,23,19,King
50,2,200,Being Cleaned,46,120,4,Single
17,5,154,Currently Occupied,148,95,19,Smoking Single
39,3,99,Open and Ready,122,152,1,Penthouse
89,7,104,Reserved,134,200,15,King
80,10,161,Reserved,197,8,15,Smoking Double
48,6,101,Currently Occupied,18,180,19,Suite
97,9,78,Open and Ready,48,64,8,King
92,12,126,Currently Occupied,25,110,4,Smoking Single
71,1,181,Currently Occupied,78,151,1,Suite
62,9,140,Being Cleaned,101,145,15,Suite
78,6,139,Open and Ready,79,128,19,Double
73,6,108,Currently Occupied,61,13,11,Family Style
12,9,84,Open and Ready,6,77,14,Double
63,8,150,Currently Occupied,129,139,2,Suite
100,3,114,Reserved,182,40,12,Family Style
7,9,102,Open and Ready,41,60,19,Double
14,4,178,Reserved,94,92,6,Single
12,7,189,Reserved,158,77,11,Suite
42,2,97,Currently Occupied,123,48,14,Smoking Double
10,1,200,Currently Occupied,54,6,15,King
10,2,184,Being Cleaned,85,185,5,King
25,8,129,Open and Ready,75,184,9,King
84,1,74,Reserved,148,40,8,Suite
94,8,98,Open and Ready,31,165,8,Double
73,3,198,Being Cleaned,138,88,4,Suite
63,3,192,Open and Ready,148,154,7,Suite
39,4,98,Currently Occupied,5,58,10,Smoking Double
21,8,193,Being Cleaned,77,168,20,King
44,2,92,Reserved,200,190,18,Single
24,6,82,Open and Ready,31,159,2,King
36,12,150,Reserved,40,73,8,Smoking Double
69,7,77,Open and Ready,137,176,10,Suite
81,7,176,Open and Ready,58,158,18,Suite
93,2,155,Currently Occupied,2,143,16,Smoking Single
7,3,114,Reserved,107,66,11,Double
7,8,74,Being Cleaned,191,200,8,Family Style
3,5,145,Being Cleaned,145,198,15,Single
38,6,126,Being Cleaned,42,167,19,Family Style
74,1,88,Currently Occupied,150,73,1,Family Style
56,11,116,Open and Ready,175,119,1,Single
72,9,116,Being Cleaned,164,118,5,Double
57,10,128,Being Cleaned,28,193,14,Penthouse
9,8,111,Open and Ready,124,189,8,Double
44,5,171,Reserved,167,23,4,Penthouse
36,3,140,Currently Occupied,94,64,5,King
47,5,171,Reserved,189,158,6,Penthouse
16,10,195,Being Cleaned,194,124,4,Double
5,6,90,Open and Ready,192,57,11,King
68,12,154,Open and Ready,68,36,11,Suite
75,6,76,Currently Occupied,82,74,13,Suite
68,1,118,Being Cleaned,164,84,5,Double
7,10,198,Open and Ready,67,31,7,King
84,12,84,Being Cleaned,176,6,14,Double
36,12,191,Reserved,146,16,11,Penthouse
82,2,98,Being Cleaned,171,48,16,Double
58,9,180,Currently Occupied,146,100,4,Double
68,8,147,Open and Ready,1,4,7,Single
68,4,157,Being Cleaned,175,11,13,King
24,5,152,Reserved,184,73,13,Single
64,2,128,Reserved,59,136,15,Suite
65,9,158,Being Cleaned,44,118,18,King
77,6,99,Being Cleaned,188,36,1,Suite
43,8,183,Being Cleaned,47,25,13,Penthouse
91,12,139,Currently Occupied,164,25,17,Double
31,1,125,Reserved,152,172,8,Suite
72,8,99,Currently Occupied,23,158,11,Smoking Single
38,12,71,Being Cleaned,21,149,8,Suite
68,10,124,Being Cleaned,86,190,5,Family Style
45,12,89,Open and Ready,63,79,2,Smoking Double
16,7,143,Reserved,28,140,20,Single
70,6,148,Being Cleaned,187,182,5,Single
62,12,143,Open and Ready,117,129,9,Suite
78,10,190,Being Cleaned,111,18,15,Smoking Single
32,10,94,Currently Occupied,21,63,12,Smoking Double
35,1,74,Open and Ready,90,27,16,Single
19,2,154,Currently Occupied,161,81,20,Smoking Double
14,9,178,Reserved,186,127,2,Smoking Double
8,11,148,Being Cleaned,12,106,17,Double
61,10,101,Open and Ready,157,18,3,Double
12,3,102,Currently Occupied,78,81,6,Suite
66,10,177,Open and Ready,122,183,8,Single
62,9,133,Being Cleaned,72,108,13,Smoking Single
93,4,145,Currently Occupied,88,52,19,Single
39,7,87,Open and Ready,74,156,9,Suite
38,10,98,Currently Occupied,60,19,7,Smoking Single
41,8,101,Open and Ready,196,175,8,Double
30,9,171,Currently Occupied,164,172,20,King
91,4,100,Reserved,98,71,14,Smoking Double
9,7,99,Being Cleaned,141,70,5,Smoking Double
8,4,194,Being Cleaned,21,115,5,Single
11,4,128,Reserved,135,182,12,Double
94,9,82,Currently Occupied,68,129,11,King
67,5,200,Being Cleaned,127,69,9,Penthouse
26,8,136,Reserved,107,115,13,Suite
3,11,89,Currently Occupied,79,158,8,Single
51,5,75,Being Cleaned,4,19,1,Family Style
94,9,183,Reserved,127,143,7,King
80,11,74,Currently Occupied,148,127,14,King
35,6,158,Reserved,63,65,5,Single
65,12,107,Open and Ready,139,29,11,Penthouse
6,3,94,Reserved,140,98,17,Smoking Single
48,11,132,Being Cleaned,19,138,2,Suite
87,3,195,Reserved,57,34,15,Single
72,10,158,Currently Occupied,5,189,9,Penthouse
49,5,92,Currently Occupied,162,197,13,Double
35,10,86,Currently Occupied,190,82,6,King
64,10,183,Currently Occupied,189,138,10,King
30,7,134,Reserved,123,93,19,Double
33,5,91,Open and Ready,105,144,17,Suite
98,8,178,Open and Ready,152,37,5,Smoking Single
29,5,171,Open and Ready,26,40,8,Single
94,1,73,Open and Ready,63,25,16,Penthouse
11,7,162,Open and Ready,20,63,2,Family Style
75,3,142,Being Cleaned,154,115,19,Penthouse
13,4,183,Reserved,37,125,3,King
9,3,102,Open and Ready,34,119,9,Smoking Single
4,4,143,Open and Ready,166,15,13,Smoking Single
30,6,157,Being Cleaned,157,54,3,Suite
58,6,144,Currently Occupied,101,132,20,Family Style
83,6,95,Open and Ready,42,138,10,Single
2,11,111,Reserved,194,26,20,Smoking Single
15,4,163,Reserved,20,117,5,Smoking Double
66,7,70,Open and Ready,182,158,14,King
10,9,90,Being Cleaned,87,16,11,Smoking Single
23,9,150,Open and Ready,130,98,5,King
88,8,83,Open and Ready,119,145,9,Smoking Single
65,3,148,Currently Occupied,91,109,6,King
46,5,111,Reserved,5,199,2,Suite
72,7,72,Currently Occupied,133,138,4,Single
52,8,180,Being Cleaned,173,145,4,Single
87,7,89,Being Cleaned,108,78,8,King
64,8,70,Reserved,58,93,8,King
19,7,176,Being Cleaned,2,114,20,Single
57,5,129,Currently Occupied,97,9,17,Single
100,7,198,Being Cleaned,194,62,11,Suite
23,4,147,Reserved,2,173,7,Double
31,2,95,Open and Ready,8,107,19,Single
78,11,198,Open and Ready,183,113,18,Single
35,4,141,Currently Occupied,15,89,7,Suite
44,2,169,Being Cleaned,121,105,19,King
73,12,109,Currently Occupied,23,170,11,Penthouse
54,9,150,Being Cleaned,138,42,20,Penthouse
79,12,127,Open and Ready,113,50,8,King
13,4,166,Open and Ready,169,166,11,Smoking Single
10,4,163,Reserved,9,67,2,Single
33,11,153,Being Cleaned,192,43,10,Suite
52,5,138,Reserved,166,166,9,Family Style
28,4,74,Reserved,36,61,19,Double
61,5,124,Reserved,142,52,16,King
65,8,175,Reserved,83,129,16,Suite
48,11,162,Being Cleaned,159,49,10,Single
51,5,81,Currently Occupied,72,79,15,Smoking Single
65,9,196,Reserved,163,114,14,Family Style
69,8,97,Open and Ready,35,145,12,King
72,1,196,Open and Ready,145,29,17,Suite
68,5,152,Reserved,49,160,2,King
97,2,141,Being Cleaned,122,155,4,Suite
78,2,83,Open and Ready,23,1,1,Smoking Double
96,5,99,Open and Ready,88,103,11,King
10,4,125,Open and Ready,35,176,13,Smoking Single
37,2,154,Being Cleaned,130,19,19,Family Style
5,11,104,Being Cleaned,126,130,1,Double
97,8,116,Currently Occupied,37,147,3,Double
100,11,143,Currently Occupied,110,22,5,Single
82,10,138,Being Cleaned,92,108,12,Smoking Single
76,12,182,Open and Ready,83,155,5,Double
51,7,181,Open and Ready,53,80,13,Suite
41,11,78,Reserved,162,97,8,Suite
11,2,114,Open and Ready,60,170,8,King
31,12,169,Open and Ready,24,9,5,Smoking Single
31,1,128,Open and Ready,65,26,7,Smoking Double
66,4,187,Reserved,33,7,10,Double
22,12,188,Open and Ready,76,54,17,Penthouse
40,7,192,Currently Occupied,109,6,7,Double
35,7,87,Open and Ready,166,8,8,King
21,2,194,Currently Occupied,188,136,19,Single
52,2,183,Being Cleaned,63,54,4,Family Style
26,10,78,Open and Ready,167,153,13,Smoking Double
92,12,122,Reserved,126,108,6,Double
49,11,112,Being Cleaned,26,86,13,King
69,12,191,Being Cleaned,185,133,20,King
12,9,142,Reserved,144,107,19,Family Style
17,5,169,Being Cleaned,25,154,6,Family Style
70,3,188,Reserved,6,39,20,Double
28,10,155,Currently Occupied,149,140,5,Suite
25,6,145,Reserved,128,14,20,Smoking Double
34,12,129,Open and Ready,103,5,15,Single
2,9,188,Being Cleaned,160,9,2,Double
3,9,71,Open and Ready,116,4,4,Smoking Double
54,12,142,Open and Ready,167,95,2,Family Style
67,9,148,Open and Ready,80,134,8,Double
74,8,87,Currently Occupied,116,196,18,King
29,7,154,Currently Occupied,63,164,6,Smoking Double
63,5,177,Being Cleaned,137,5,5,Smoking Double
37,3,96,Being Cleaned,122,26,5,Suite
27,7,199,Open and Ready,134,23,7,King
72,10,71,Currently Occupied,108,35,1,Single
57,12,130,Currently Occupied,151,127,4,Penthouse
88,5,141,Open and Ready,105,77,3,Suite
21,12,125,Being Cleaned,43,123,10,Suite
47,2,72,Reserved,182,200,6,Single
14,2,95,Currently Occupied,132,144,1,Single
78,6,106,Currently Occupied,130,46,7,King
4,4,81,Currently Occupied,21,96,1,Smoking Double
14,12,98,Reserved,168,157,9,Suite
33,3,158,Open and Ready,152,60,2,Double
2,9,144,Currently Occupied,34,181,4,Single
21,1,99,Reserved,165,39,17,King
78,1,113,Currently Occupied,31,151,11,Single
63,5,81,Currently Occupied,172,70,2,Smoking Double
84,2,121,Currently Occupied,19,125,20,King
46,7,72,Reserved,67,96,10,Smoking Single
22,1,197,Currently Occupied,175,81,10,Penthouse
43,5,103,Open and Ready,160,130,4,King
73,6,160,Currently Occupied,111,160,6,Smoking Double
4,5,110,Reserved,155,78,6,Suite
95,12,147,Being Cleaned,186,18,10,King
27,10,94,Currently Occupied,44,168,14,King
39,7,124,Open and Ready,189,111,3,Family Style
77,11,121,Reserved,94,31,13,King
88,3,131,Being Cleaned,59,100,16,Family Style
24,10,174,Reserved,143,179,14,Single
22,5,118,Being Cleaned,46,152,14,Single
86,7,167,Currently Occupied,22,94,14,King
35,12,178,Currently Occupied,94,51,3,Double
87,9,72,Open and Ready,82,123,6,Smoking Double
46,1,146,Open and Ready,21,109,13,Single
83,5,89,Currently Occupied,163,192,20,Suite
39,10,193,Reserved,185,93,17,Double
3,7,174,Currently Occupied,101,70,11,King
41,2,178,Open and Ready,27,75,20,Smoking Single
35,7,145,Currently Occupied,102,65,15,King
25,10,174,Being Cleaned,111,131,14,Single
88,3,124,Currently Occupied,167,13,1,Penthouse
29,8,194,Being Cleaned,157,14,1,Penthouse
25,12,123,Being Cleaned,155,22,9,Smoking Double
75,11,80,Reserved,5,93,12,Double
59,5,99,Being Cleaned,27,171,9,Suite
51,8,125,Open and Ready,38,102,1,Single
27,6,101,Reserved,89,127,20,Double
90,12,151,Being Cleaned,198,62,2,King
19,10,76,Reserved,36,81,17,Double
26,3,123,Being Cleaned,15,89,8,Smoking Single
66,10,129,Reserved,43,149,19,Penthouse
65,10,172,Open and Ready,60,134,20,King
68,7,169,Reserved,144,94,4,King
82,6,131,Being Cleaned,152,50,6,Smoking Single
91,12,140,Currently Occupied,26,183,2,Family Style
69,12,171,Currently Occupied,128,165,2,Family Style
45,7,197,Open and Ready,77,116,7,Single
29,12,134,Currently Occupied,77,145,4,Double
31,7,107,Currently Occupied,124,125,15,Suite
74,3,146,Being Cleaned,45,84,14,King
12,3,143,Open and Ready,79,174,20,King
31,4,173,Open and Ready,185,147,18,Suite
27,5,137,Reserved,182,172,10,Single
11,3,183,Currently Occupied,168,27,2,Single
22,3,76,Reserved,75,69,17,Suite
84,3,112,Currently Occupied,141,186,15,Family Style
28,3,162,Reserved,181,77,9,Double
10,4,144,Reserved,53,36,4,Penthouse
47,1,85,Open and Ready,185,129,8,Double
67,6,128,Open and Ready,82,69,13,King
65,3,164,Being Cleaned,15,85,16,Double
80,10,184,Reserved,104,106,20,Double
61,11,140,Reserved,1,1,20,Penthouse
83,2,184,Open and Ready,189,158,8,Penthouse
28,9,179,Open and Ready,93,189,1,Suite
26,8,190,Being Cleaned,118,101,12,Suite
83,8,149,Reserved,6,89,19,Suite
51,5,134,Open and Ready,71,82,20,Penthouse
97,1,145,Currently Occupied,134,195,13,Double
95,6,84,Currently Occupied,200,28,12,King
13,4,115,Reserved,66,143,15,Smoking Double
25,2,193,Open and Ready,34,176,2,Smoking Double
50,4,102,Open and Ready,197,71,1,Single
50,5,168,Currently Occupied,157,64,5,Penthouse
79,4,185,Currently Occupied,87,45,11,Smoking Double
65,6,85,Currently Occupied,93,112,15,Suite
28,3,123,Currently Occupied,189,127,12,Smoking Double
93,1,82,Being Cleaned,52,129,9,King
6,12,181,Open and Ready,70,66,13,Smoking Double
92,2,109,Open and Ready,144,12,12,Suite
56,12,150,Being Cleaned,87,105,13,Suite
42,1,106,Being Cleaned,82,149,11,Single
40,3,88,Being Cleaned,8,161,5,Single
69,5,194,Currently Occupied,177,60,17,Double
58,8,115,Open and Ready,54,86,12,Single
53,8,140,Being Cleaned,195,21,9,Single
56,2,177,Open and Ready,82,14,5,Single
8,9,94,Currently Occupied,28,45,6,King
89,7,109,Being Cleaned,38,12,7,King
82,2,195,Being Cleaned,48,140,8,Suite
7,2,154,Being Cleaned,132,137,15,Family Style
65,8,147,Currently Occupied,105,105,9,Suite
41,5,188,Open and Ready,54,28,16,Penthouse
33,12,190,Currently Occupied,127,29,16,King
48,11,193,Currently Occupied,187,167,18,Double
99,9,134,Reserved,1,65,20,Smoking Single
33,1,196,Open and Ready,120,71,6,Smoking Double
30,5,143,Currently Occupied,69,128,11,Single
73,2,171,Open and Ready,200,7,19,Penthouse
17,1,97,Currently Occupied,199,148,14,King
14,11,107,Currently Occupied,96,74,1,Suite
84,6,183,Currently Occupied,131,182,1,King
52,1,166,Reserved,98,98,14,King
19,4,88,Currently Occupied,84,73,20,Single
81,6,175,Currently Occupied,176,38,10,King
85,12,139,Open and Ready,134,62,4,Single
100,2,189,Currently Occupied,68,13,2,Family Style
74,1,78,Reserved,82,107,3,Smoking Single
71,9,154,Reserved,100,152,8,Single
8,5,137,Currently Occupied,11,124,13,Penthouse
92,1,93,Open and Ready,29,51,18,King
5,1,110,Being Cleaned,159,32,1,Penthouse
83,4,71,Currently Occupied,160,134,15,Suite
85,1,178,Open and Ready,158,48,7,Single
72,6,76,Reserved,154,200,12,Family Style
71,9,138,Reserved,18,78,7,Suite
71,3,70,Being Cleaned,44,100,7,Smoking Single
25,10,105,Reserved,91,155,4,Suite
8,3,132,Currently Occupied,77,165,1,King
50,6,130,Currently Occupied,50,31,7,Penthouse
51,4,113,Open and Ready,48,176,12,Single
100,10,118,Open and Ready,104,155,15,Suite
42,3,104,Being Cleaned,120,46,19,Penthouse
91,1,162,Reserved,157,81,3,Smoking Single
4,7,182,Open and Ready,186,99,19,Suite
71,9,194,Reserved,115,97,2,Suite
22,8,138,Open and Ready,78,24,11,Single
9,7,152,Being Cleaned,82,136,19,Smoking Double
98,11,141,Being Cleaned,181,52,10,Suite
85,1,91,Reserved,29,176,8,Double
85,4,92,Currently Occupied,42,150,15,Penthouse
57,3,123,Currently Occupied,198,187,8,Single
20,5,146,Being Cleaned,56,168,12,Smoking Single
19,12,158,Currently Occupied,165,109,5,King
77,1,169,Open and Ready,51,73,11,Single
78,12,119,Reserved,42,85,12,King
99,5,192,Open and Ready,135,193,14,King
47,3,113,Open and Ready,167,103,20,Double
33,9,157,Being Cleaned,111,73,15,Single
15,8,106,Open and Ready,9,117,8,Family Style
73,2,86,Being Cleaned,105,49,6,Single
54,2,97,Reserved,152,135,7,King
37,5,84,Being Cleaned,155,43,18,Suite
40,11,123,Reserved,40,121,3,Single
11,11,118,Open and Ready,96,39,10,Double
62,8,81,Reserved,195,87,5,Penthouse
16,8,88,Open and Ready,168,70,19,Single
91,2,174,Open and Ready,177,97,4,Double
71,4,77,Currently Occupied,82,102,7,Single
90,5,145,Currently Occupied,20,168,19,King
78,4,144,Reserved,13,21,14,Single
43,3,182,Being Cleaned,125,53,9,King
68,12,80,Currently Occupied,140,130,8,Suite
71,12,72,Reserved,100,77,11,Suite
72,8,135,Currently Occupied,77,183,17,Suite
5,11,135,Being Cleaned,4,142,11,Suite
16,9,195,Open and Ready,44,175,16,Single
68,10,182,Currently Occupied,64,139,3,Suite
85,2,179,Being Cleaned,47,128,18,Suite
48,5,95,Reserved,151,159,20,Double
1,10,108,Open and Ready,87,117,3,Double
62,11,179,Being Cleaned,54,177,4,Single
2,12,110,Being Cleaned,55,63,12,Smoking Single
84,11,103,Reserved,181,42,14,Smoking Double
54,4,138,Open and Ready,46,123,8,Suite
75,7,122,Reserved,128,103,11,King
31,5,184,Reserved,74,90,14,Suite
60,6,158,Reserved,72,53,2,Double
11,10,157,Currently Occupied,14,141,1,Suite
24,9,128,Reserved,94,52,4,King
92,1,96,Open and Ready,128,11,7,Suite
60,1,178,Being Cleaned,62,4,8,Single
27,7,138,Reserved,3,108,17,Family Style
67,2,173,Reserved,67,67,2,Smoking Double
41,6,95,Reserved,67,88,16,Family Style
51,7,113,Open and Ready,74,71,10,Suite
98,1,187,Being Cleaned,121,160,20,King
41,2,153,Currently Occupied,156,124,2,King
12,9,129,Reserved,37,85,12,Family Style
9,8,119,Being Cleaned,112,172,5,King
80,11,165,Reserved,25,120,6,Family Style
5,12,164,Being Cleaned,81,134,10,Family Style
11,12,94,Being Cleaned,79,64,13,Single
53,3,165,Reserved,29,182,15,King
74,6,131,Open and Ready,22,139,9,Double
79,4,79,Currently Occupied,149,181,18,Double
97,11,125,Being Cleaned,65,167,3,Smoking Single
74,3,162,Open and Ready,20,148,20,Suite
91,12,187,Being Cleaned,46,141,3,Single
43,11,158,Open and Ready,102,168,12,Smoking Single
7,8,149,Open and Ready,47,179,16,Family Style
51,9,170,Currently Occupied,41,199,14,Double
48,8,131,Reserved,52,38,8,Suite
15,10,123,Open and Ready,182,162,1,Suite
84,11,123,Reserved,78,135,13,King
60,7,200,Reserved,5,14,15,Family Style
61,10,94,Reserved,167,59,17,Single
31,9,154,Currently Occupied,150,132,1,Single
54,6,126,Being Cleaned,29,171,8,Penthouse
56,1,95,Reserved,150,59,6,Double
59,6,188,Open and Ready,66,93,9,King
98,9,91,Currently Occupied,190,72,15,Single
9,4,170,Currently Occupied,28,58,17,Double
22,6,71,Being Cleaned,39,154,17,Double
86,7,185,Open and Ready,195,31,6,Double
13,10,113,Open and Ready,196,20,16,Smoking Double
78,9,91,Reserved,61,87,6,Single
97,7,131,Open and Ready,146,30,9,Smoking Single
100,9,163,Open and Ready,178,156,13,Double
14,2,119,Currently Occupied,32,102,8,Smoking Double
38,2,95,Open and Ready,105,148,15,Single
50,7,141,Currently Occupied,182,163,11,Family Style
6,10,155,Being Cleaned,99,176,4,Single
51,3,116,Open and Ready,11,3,1,Smoking Double
52,12,185,Open and Ready,7,185,15,King
89,12,197,Open and Ready,10,199,2,Single
25,7,140,Being Cleaned,36,28,10,Penthouse
98,10,91,Open and Ready,29,19,19,Double
8,2,135,Open and Ready,67,48,10,Smoking Double
22,9,81,Open and Ready,63,153,10,King
5,11,171,Being Cleaned,59,22,15,Suite
88,1,156,Currently Occupied,89,162,19,Single
80,7,148,Reserved,189,199,19,Suite
23,12,144,Being Cleaned,106,119,3,Double
12,10,126,Currently Occupied,47,42,17,Smoking Single
31,10,80,Being Cleaned,100,106,8,Single
4,2,195,Reserved,189,53,8,Family Style
58,2,93,Being Cleaned,43,67,16,Penthouse
32,5,113,Open and Ready,41,117,4,Family Style
76,4,128,Currently Occupied,138,183,8,King
67,8,98,Open and Ready,164,40,11,Family Style
72,7,156,Currently Occupied,146,66,5,Single
53,8,138,Open and Ready,88,96,12,Suite
37,1,102,Currently Occupied,96,95,5,King
2,3,152,Reserved,121,18,9,King
85,2,82,Open and Ready,179,120,2,King
85,2,126,Being Cleaned,70,177,9,Penthouse
14,12,98,Currently Occupied,19,77,13,King
46,7,74,Reserved,39,132,6,King
5,3,148,Currently Occupied,60,28,6,King
89,4,158,Currently Occupied,198,191,10,Smoking Single
29,1,147,Being Cleaned,54,111,12,Suite
8,5,172,Reserved,189,153,20,King
42,11,168,Reserved,56,131,19,Family Style
13,12,193,Reserved,184,58,5,Single
8,11,126,Currently Occupied,70,26,12,Suite
78,9,159,Being Cleaned,103,47,8,Single
72,10,156,Being Cleaned,90,166,17,Suite
34,12,120,Currently Occupied,97,148,8,Penthouse
54,1,74,Reserved,1,151,9,Smoking Double
96,3,145,Open and Ready,68,68,4,Single
1,10,119,Being Cleaned,21,80,18,King
81,1,172,Reserved,42,125,13,King
36,6,97,Open and Ready,33,38,12,Suite
19,6,97,Currently Occupied,87,173,12,Suite
71,3,98,Reserved,78,147,17,Single
61,5,127,Being Cleaned,130,108,15,Single
23,6,174,Open and Ready,178,43,19,Suite
1,9,189,Being Cleaned,11,158,4,King
79,10,135,Currently Occupied,103,172,19,Family Style
97,1,110,Currently Occupied,161,187,10,Smoking Double
90,7,109,Reserved,72,184,13,Smoking Double
39,12,127,Being Cleaned,167,113,4,Family Style
81,8,134,Currently Occupied,11,160,4,Suite
92,8,141,Open and Ready,143,175,10,Suite
89,6,146,Currently Occupied,96,99,6,Suite
56,9,129,Currently Occupied,183,129,20,King
37,10,122,Being Cleaned,95,138,9,Smoking Double
43,5,157,Open and Ready,141,7,13,Double
30,4,84,Currently Occupied,80,178,15,Single
63,12,179,Currently Occupied,30,41,14,Single
88,2,82,Open and Ready,67,138,15,King
42,8,162,Open and Ready,46,50,2,Smoking Single
1,8,171,Being Cleaned,75,35,14,Penthouse
61,10,176,Open and Ready,60,66,18,Family Style
58,10,194,Being Cleaned,194,200,13,Single
87,11,151,Open and Ready,24,27,5,Family Style
24,2,197,Being Cleaned,179,103,20,Family Style
71,4,123,Open and Ready,156,71,20,Double
42,9,197,Being Cleaned,65,193,9,Double
68,7,115,Open and Ready,34,2,8,Suite
11,6,148,Being Cleaned,88,109,4,King
97,2,70,Being Cleaned,63,76,6,Family Style
68,3,98,Reserved,46,179,11,Suite
35,9,146,Being Cleaned,15,80,6,King
3,11,119,Being Cleaned,42,151,6,Double
18,7,70,Open and Ready,123,12,12,King
23,1,183,Reserved,130,16,14,Suite
74,5,95,Currently Occupied,113,8,11,Single
65,10,134,Reserved,29,6,9,King
22,11,186,Being Cleaned,85,7,4,Double
93,6,175,Reserved,165,149,15,Single
90,11,86,Reserved,97,141,13,Double
46,10,125,Open and Ready,150,187,14,Double
62,10,118,Reserved,21,132,5,Single
30,8,169,Open and Ready,50,130,11,Single
15,2,139,Currently Occupied,46,172,3,Double
75,7,179,Being Cleaned,166,1,18,King
18,7,81,Being Cleaned,137,174,11,King
15,11,158,Currently Occupied,6,192,15,Suite
63,4,103,Reserved,114,143,10,King
15,9,139,Being Cleaned,45,82,3,Single
89,5,198,Currently Occupied,158,191,19,Suite
60,7,138,Reserved,92,126,4,Penthouse
57,4,195,Currently Occupied,61,171,16,Suite
17,6,80,Being Cleaned,6,86,15,Double
12,10,90,Currently Occupied,124,50,20,Penthouse
60,5,125,Reserved,156,107,3,Suite
48,4,144,Reserved,118,25,2,Suite
63,9,71,Open and Ready,93,43,11,King
55,10,130,Currently Occupied,8,69,19,King
96,8,191,Currently Occupied,193,49,9,King
99,4,190,Being Cleaned,78,182,12,Suite
60,3,85,Being Cleaned,3,63,14,Double
49,10,106,Currently Occupied,115,123,19,King
51,10,110,Open and Ready,24,33,14,Double
78,2,118,Being Cleaned,121,104,6,Penthouse
72,3,162,Currently Occupied,12,189,16,Double
58,1,98,Reserved,75,147,10,Penthouse
11,8,156,Open and Ready,33,108,8,Suite
2,3,116,Reserved,8,133,3,Family Style
22,6,91,Reserved,52,36,16,Double
90,4,73,Open and Ready,174,132,3,Family Style
88,2,160,Being Cleaned,109,192,3,Single
39,1,148,Reserved,155,138,15,King
64,11,101,Being Cleaned,108,161,11,Suite
78,10,164,Being Cleaned,60,79,8,King
37,8,130,Reserved,187,36,18,Single
57,1,76,Being Cleaned,140,84,19,King
17,8,191,Being Cleaned,82,29,15,Suite
25,1,101,Being Cleaned,58,18,6,Double
80,4,193,Currently Occupied,53,129,1,Smoking Double
42,8,179,Reserved,34,143,13,King
52,12,84,Reserved,27,177,5,King
61,5,105,Reserved,190,197,13,King
80,5,100,Being Cleaned,183,112,13,Suite
62,3,176,Open and Ready,11,25,16,Penthouse
35,10,123,Currently Occupied,102,160,9,Smoking Double
10,8,166,Currently Occupied,35,25,19,Family Style
15,9,166,Being Cleaned,27,76,12,Single
53,5,85,Currently Occupied,89,88,13,King
15,3,178,Currently Occupied,129,166,14,Smoking Double
73,10,86,Being Cleaned,89,102,10,Smoking Single
68,1,128,Reserved,37,28,13,Suite
7,1,103,Reserved,174,36,7,Family Style
34,10,81,Currently Occupied,155,173,1,Family Style
72,12,106,Reserved,20,96,11,Double
5,6,80,Being Cleaned,79,19,8,Suite
53,2,183,Being Cleaned,34,175,6,King
34,8,89,Being Cleaned,197,15,12,Double
6,1,177,Open and Ready,159,101,10,Suite
16,11,78,Reserved,35,63,11,Penthouse
46,10,119,Being Cleaned,152,102,5,Single
29,3,153,Reserved,84,37,4,Penthouse
78,7,170,Open and Ready,120,192,19,Suite
77,1,194,Being Cleaned,91,200,20,Double
89,9,70,Open and Ready,172,174,13,Family Style
84,6,166,Open and Ready,27,106,10,King
25,8,103,Open and Ready,193,66,17,Double
69,11,146,Open and Ready,146,89,6,King
14,11,159,Reserved,95,178,10,King
41,8,170,Reserved,114,167,6,Single
93,8,163,Reserved,168,63,15,King
65,7,83,Currently Occupied,54,139,13,Smoking Single
37,2,99,Reserved,86,80,1,Smoking Double
66,8,98,Reserved,161,86,19,Suite
44,8,123,Currently Occupied,45,23,14,Suite
28,8,149,Currently Occupied,26,106,13,Single
98,12,200,Reserved,126,150,7,Family Style
47,11,157,Open and Ready,110,24,4,Single
64,6,106,Reserved,148,34,3,Penthouse
71,4,101,Being Cleaned,169,197,5,Penthouse
53,5,101,Open and Ready,122,26,12,Single
92,12,175,Open and Ready,39,118,11,Double
59,11,168,Being Cleaned,32,135,13,King
1,11,175,Being Cleaned,153,11,16,Smoking Double
67,12,191,Being Cleaned,175,162,3,Double
5,5,119,Being Cleaned,107,194,11,Suite
81,9,119,Currently Occupied,189,186,16,Double
89,6,93,Open and Ready,141,133,13,Suite
47,11,147,Open and Ready,33,82,6,Smoking Double
71,4,186,Reserved,164,113,4,Suite
86,7,133,Reserved,102,197,15,King
78,12,190,Reserved,133,24,5,Smoking Double
92,1,124,Open and Ready,117,146,12,King
19,9,182,Being Cleaned,87,37,13,Smoking Double
35,11,97,Being Cleaned,178,168,7,Family Style
68,2,149,Reserved,126,63,5,Double
61,4,152,Currently Occupied,25,91,1,King
31,6,151,Being Cleaned,29,26,18,King
97,5,149,Being Cleaned,197,58,13,Single
31,6,167,Currently Occupied,132,69,9,Smoking Single
16,3,146,Being Cleaned,171,135,13,Smoking Single
91,12,135,Reserved,53,23,11,Single
73,6,151,Reserved,27,53,10,Family Style
62,2,191,Being Cleaned,185,136,11,Smoking Double
56,10,166,Open and Ready,162,172,3,King
50,10,173,Currently Occupied,111,15,16,Smoking Single
67,7,93,Reserved,186,66,6,Suite
78,10,163,Reserved,138,118,16,King
71,9,102,Reserved,134,149,20,Smoking Double
15,9,77,Open and Ready,16,111,5,Smoking Single
42,10,138,Currently Occupied,103,180,19,Family Style
12,8,117,Open and Ready,86,44,7,King
80,9,108,Open and Ready,23,146,14,Smoking Single
27,11,145,Open and Ready,18,57,6,Smoking Single
49,3,87,Being Cleaned,154,188,20,Smoking Double
62,12,181,Reserved,138,197,15,Double
35,11,132,Being Cleaned,47,73,2,King
8,8,169,Reserved,104,160,6,Penthouse
22,7,167,Currently Occupied,79,40,18,Double
5,8,125,Open and Ready,99,159,6,Single
44,9,163,Reserved,92,38,8,Double
21,7,154,Being Cleaned,180,184,16,Single
24,9,148,Open and Ready,132,119,5,Smoking Single
37,6,72,Being Cleaned,137,198,17,Single
80,3,111,Reserved,156,139,19,Penthouse
54,7,95,Open and Ready,155,57,11,Single
34,5,98,Currently Occupied,121,184,13,Single
23,4,180,Currently Occupied,152,43,12,Family Style
16,11,159,Currently Occupied,156,196,19,Double
51,11,162,Reserved,200,120,8,Double
11,9,83,Reserved,16,101,9,Suite
83,3,186,Open and Ready,78,30,6,Double
47,12,72,Open and Ready,3,137,10,Smoking Double
25,4,123,Reserved,1,114,13,King
23,3,95,Open and Ready,176,5,13,Suite
15,11,109,Currently Occupied,80,17,3,King
74,12,180,Being Cleaned,131,108,4,Double
66,5,176,Reserved,194,103,16,Family Style
54,11,82,Open and Ready,145,193,17,Double
69,6,83,Being Cleaned,155,39,15,Smoking Double
52,7,175,Being Cleaned,48,182,9,Suite
35,9,117,Currently Occupied,27,178,9,Smoking Double
5,12,134,Reserved,163,165,7,Family Style
60,9,145,Open and Ready,55,141,1,Double
49,11,158,Being Cleaned,175,8,11,Family Style
91,4,97,Reserved,38,78,5,Smoking Single
82,5,165,Being Cleaned,189,64,8,King
26,12,187,Reserved,171,175,10,Double
87,2,170,Open and Ready,27,2,12,Single
39,3,185,Currently Occupied,134,105,5,Double
26,7,110,Being Cleaned,148,138,17,Single
70,6,76,Being Cleaned,116,66,9,Smoking Double
48,3,101,Currently Occupied,33,15,11,Suite
40,11,165,Open and Ready,77,199,8,Single
85,11,102,Open and Ready,168,162,2,Smoking Double
96,4,104,Currently Occupied,187,15,17,Single
33,2,80,Being Cleaned,98,7,8,Smoking Double
10,6,75,Currently Occupied,123,125,11,Double
46,1,160,Currently Occupied,162,34,11,Penthouse
12,9,165,Open and Ready,108,1,9,Family Style
65,1,83,Being Cleaned,166,185,10,Smoking Single
70,6,75,Currently Occupied,155,193,7,Double
58,2,172,Currently Occupied,21,63,10,Single
18,12,161,Open and Ready,184,174,4,Single
5,5,102,Reserved,79,76,12,Penthouse
74,1,98,Being Cleaned,65,179,16,Smoking Double
51,9,125,Open and Ready,30,123,13,King
23,6,111,Currently Occupied,200,128,20,Penthouse
41,10,116,Reserved,152,181,8,King
86,10,87,Being Cleaned,115,147,19,Penthouse
22,1,117,Reserved,112,86,5,Single
9,5,126,Reserved,193,54,13,King
55,6,138,Currently Occupied,169,36,13,Double
15,4,87,Open and Ready,106,200,10,Smoking Double
36,9,84,Open and Ready,150,145,1,Suite
93,4,185,Currently Occupied,184,24,10,Smoking Single
63,1,199,Currently Occupied,183,73,10,Double
70,2,169,Open and Ready,177,138,4,Double
77,8,111,Reserved,96,19,5,Double
68,3,143,Currently Occupied,76,70,19,Smoking Single
74,4,123,Currently Occupied,137,52,3,Single
55,5,85,Being Cleaned,144,159,14,Double
77,8,118,Open and Ready,68,99,3,Single
91,7,92,Being Cleaned,172,29,9,Smoking Single
28,12,137,Open and Ready,116,61,8,Suite
66,3,160,Reserved,22,58,2,Double
48,6,183,Being Cleaned,188,176,1,Family Style
20,19,153,Reserved,79,164,7,Smoking Single
53,7,190,Being Cleaned,49,128,18,Double
2,5,157,Reserved,5,87,3,Double
12,6,165,Currently Occupied,153,169,19,Smoking Single
20,9,88,Currently Occupied,68,75,19,Single
93,5,102,Open and Ready,86,81,7,Smoking Double
6,7,158,Reserved,6,153,5,Smoking Single
40,12,103,Being Cleaned,136,183,5,Smoking Single
65,11,140,Reserved,187,90,12,King
94,9,79,Reserved,73,6,20,Suite
52,8,176,Currently Occupied,60,173,3,Smoking Single
20,11,153,Reserved,141,142,3,Smoking Single
23,7,99,Open and Ready,73,186,6,Suite
49,7,200,Currently Occupied,33,146,17,Single
68,3,128,Being Cleaned,150,110,8,Penthouse
53,11,91,Reserved,197,11,12,Single
61,11,158,Being Cleaned,163,118,13,Single
71,12,85,Reserved,200,180,20,Penthouse
99,5,82,Being Cleaned,5,4,13,Suite
48,3,200,Open and Ready,102,179,10,Double
55,10,87,Reserved,38,114,18,Double
49,8,147,Being Cleaned,70,111,19,Double
46,5,182,Reserved,177,2,19,Smoking Double
42,9,151,Reserved,164,184,20,Single
60,12,178,Open and Ready,110,122,7,Penthouse
83,12,136,Reserved,76,84,20,Double
29,8,167,Currently Occupied,184,56,8,King
100,10,184,Reserved,170,62,3,Single
45,5,188,Currently Occupied,49,24,13,Single
49,1,120,Open and Ready,54,154,15,Suite
39,3,163,Open and Ready,144,115,13,Smoking Single
58,4,140,Reserved,60,97,20,Double
59,3,152,Currently Occupied,32,175,5,Double
24,8,158,Open and Ready,194,86,14,Smoking Single
56,3,81,Reserved,66,56,12,Suite
15,12,83,Reserved,25,162,5,Suite
86,4,192,Being Cleaned,163,186,2,Smoking Double
96,2,125,Reserved,17,53,15,Single
81,8,172,Open and Ready,123,134,5,Suite
74,11,118,Reserved,99,153,6,Double
4,2,113,Reserved,20,58,5,Penthouse
92,6,188,Open and Ready,111,29,1,King
71,11,173,Reserved,148,92,13,Penthouse
7,8,197,Reserved,30,200,15,Suite
97,5,104,Currently Occupied,135,71,16,Double
32,2,175,Reserved,99,79,15,Single
20,8,82,Open and Ready,188,25,2,Double
46,1,118,Reserved,89,191,18,Smoking Single
45,10,131,Being Cleaned,125,157,18,Double
71,5,162,Being Cleaned,59,183,13,Smoking Single
93,3,83,Open and Ready,27,46,7,Suite
47,5,78,Currently Occupied,106,97,1,Family Style
2,10,131,Reserved,75,67,20,Double
26,10,126,Being Cleaned,193,58,9,Single
25,4,196,Open and Ready,173,149,12,King
86,3,177,Being Cleaned,14,98,14,King
91,4,151,Being Cleaned,105,174,2,Double
23,1,169,Open and Ready,31,116,12,Single
81,11,127,Being Cleaned,148,72,8,Penthouse
29,12,158,Open and Ready,129,62,15,Family Style
32,9,182,Reserved,34,3,9,Penthouse
8,7,144,Reserved,191,157,16,Double
36,4,130,Currently Occupied,173,166,4,Smoking Single
40,3,117,Open and Ready,97,182,14,Smoking Single
51,1,98,Being Cleaned,163,48,1,Penthouse
91,10,97,Currently Occupied,6,74,2,Family Style
74,4,137,Currently Occupied,120,2,11,Suite
65,2,85,Open and Ready,174,97,7,Single
80,5,111,Being Cleaned,22,44,7,Family Style
21,8,160,Currently Occupied,142,136,2,Double
52,8,94,Open and Ready,99,63,1,Smoking Single
81,11,197,Open and Ready,91,87,9,Single
43,12,154,Open and Ready,163,64,13,King
7,5,76,Open and Ready,192,51,15,Smoking Single
8,1,90,Currently Occupied,193,195,1,Single
52,4,149,Being Cleaned,49,76,20,King
7,11,122,Open and Ready,20,53,13,Penthouse
32,3,167,Reserved,65,12,4,Double
19,4,108,Currently Occupied,104,29,11,Double
56,8,182,Currently Occupied,24,186,11,Suite
76,5,101,Currently Occupied,46,5,12,Family Style
64,3,99,Open and Ready,11,188,11,Smoking Double
40,3,130,Being Cleaned,84,91,6,Suite
91,12,135,Open and Ready,62,74,5,Double
29,2,187,Being Cleaned,26,120,12,Family Style
95,11,70,Currently Occupied,164,135,14,Single
42,7,94,Currently Occupied,192,53,7,Double
97,11,189,Open and Ready,118,91,16,King
14,6,71,Open and Ready,172,21,15,Smoking Single
83,10,136,Currently Occupied,137,148,17,Smoking Single
99,11,114,Currently Occupied,156,157,18,Single
1,4,171,Reserved,70,24,9,King
68,12,144,Reserved,104,45,1,Suite
43,11,140,Being Cleaned,169,162,9,Double
61,5,121,Being Cleaned,61,41,1,King
54,1,130,Currently Occupied,124,149,3,King
14,12,158,Currently Occupied,139,47,2,Family Style
2,1,146,Being Cleaned,17,130,13,Double
47,1,120,Reserved,40,132,15,Suite
24,4,146,Reserved,164,131,15,Smoking Double
6,7,161,Open and Ready,72,34,14,Penthouse
29,5,125,Open and Ready,155,142,18,Single
81,12,150,Being Cleaned,56,148,10,King
77,8,180,Currently Occupied,64,92,9,Family Style
67,4,144,Currently Occupied,20,79,15,Double
97,5,82,Being Cleaned,20,164,8,Single
2,5,172,Currently Occupied,173,113,20,King
39,6,129,Reserved,13,54,20,Penthouse
47,1,158,Open and Ready,113,39,4,Smoking Single
44,6,151,Reserved,173,164,8,Smoking Double
21,10,111,Currently Occupied,128,86,6,Single
38,10,78,Being Cleaned,56,85,20,Suite
4,4,146,Open and Ready,78,189,6,King
22,7,200,Reserved,12,80,10,Single
40,10,128,Currently Occupied,80,123,17,Single
98,2,149,Reserved,76,5,9,Suite
52,6,183,Open and Ready,96,122,3,Family Style
86,7,161,Currently Occupied,105,160,8,Suite
21,4,98,Reserved,118,189,4,Single
21,11,194,Being Cleaned,192,191,12,Smoking Single
64,2,176,Open and Ready,95,177,9,Double
69,2,150,Currently Occupied,36,14,14,King
48,7,191,Being Cleaned,44,101,3,Smoking Double
48,6,189,Being Cleaned,178,103,3,Suite
89,1,114,Being Cleaned,114,34,18,Double
65,5,158,Currently Occupied,151,11,11,King
33,10,89,Reserved,6,15,13,Family Style
63,12,181,Reserved,162,90,10,Single
36,2,197,Open and Ready,24,68,20,Suite
33,10,139,Currently Occupied,105,1,6,Smoking Single
6,1,92,Open and Ready,109,91,3,Smoking Single
90,7,155,Open and Ready,55,60,5,Smoking Single
45,7,175,Being Cleaned,32,144,5,Smoking Double
67,12,83,Reserved,1,87,17,Double
99,11,171,Open and Ready,76,129,17,Single
79,1,111,Being Cleaned,155,44,17,King
68,3,197,Open and Ready,77,29,4,King
94,10,84,Currently Occupied,191,56,12,Family Style
92,7,175,Open and Ready,112,131,5,Penthouse
